Time:512Hz,Epoch,Oscillator 1,Oscillator 2,Oscillator 3,Oscillator 4,Event Id,Event Date,Event Duration
11.0000000000,0,2.6911678314,-0.5345607400,-1.0150579214,-0.5907965899,,,
11.0019531250,0,2.7036547661,-0.7925751805,-1.2023910284,-0.3252034485,,,
11.0039062500,0,2.6983590126,-1.0699322224,-1.2539767027,0.1015712321,,,
11.0058593750,0,2.6750774384,-1.3485211134,-1.1533563137,0.5564707518,,,
11.0078125000,0,2.6339144707,-1.6099874973,-0.9082401991,0.8987392783,,,
11.0097656250,0,2.5752789974,-1.8370124102,-0.5493441224,1.0187213421,,,
11.0117187500,0,2.4998784065,-2.0145208836,-0.1256400198,0.8681343794,,,
11.0136718750,0,2.4087052345,-2.1307332516,0.3032401204,0.4735166728,,,
11.0156250000,0,2.3030216694,-2.1779882908,0.6762644053,-0.0708391592,,,
11.0175781250,0,2.1843359470,-2.1532783508,0.9404823780,-0.6285300851,,,
11.0195312500,0,2.0543773174,-2.0584609509,1.0592517853,-1.0582392216,,,
11.0214843750,0,1.9150654078,-1.9001312256,1.0179283619,-1.2522921562,,,
11.0234375000,0,1.7684766054,-1.6891647577,0.8261339068,-1.1660069227,,,
11.0253906250,0,1.6168086529,-1.4399614334,0.5162482858,-0.8297956586,,,
11.0273437500,0,1.4623414278,-1.1694445610,0.1383605897,-0.3407034576,,,
11.0292968750,0,1.3073980808,-0.8958841562,-0.2475334853,0.1642970890,,,
11.0312500000,0,1.1543039083,-0.6376268268,-0.5808738470,0.5459340215,,,
11.0332031250,0,1.0053465366,-0.4118199050,-0.8099619150,0.7008736134,,,
11.0351562500,0,0.8627350926,-0.2332203239,-0.9000021219,0.5900873542,,,
11.0371093750,0,0.7285628915,-0.1131700054,-0.8385074139,0.2495724410,,,
11.0390625000,0,0.6047700047,-0.0588098094,-0.6372256875,-0.2195117176,,,
11.0410156250,0,0.4931101203,-0.0725866482,-0.3302882016,-0.6785885692,,,
11.0429687500,0,0.3951199055,-0.1520881653,0.0311321001,-0.9896863699,,,
11.0449218750,0,0.3120921850,-0.2902165055,0.3868198395,-1.0533162355,,,
11.0468750000,0,0.2450536937,-0.4756890237,0.6769282818,-0.8358243108,,,
11.0488281250,0,0.1947472394,-0.6938310862,0.8513361216,-0.3787213862,,,
11.0507812500,0,0.1616189629,-0.9276055098,0.8774920702,0.2125684619,,,
11.0527343750,0,0.1458107829,-1.1588069201,0.7455258965,0.7974576354,,,
11.0546875000,0,0.1471580416,-1.3693377972,0.4698290825,1.2385643721,,,
11.0566406250,0,0.1651927680,-1.5424770117,0.0868587717,1.4391880035,,,
11.0585937500,0,0.1991519481,-1.6640529633,-0.3504931629,1.3696205616,,,
11.0605468750,0,0.2479912788,-1.7234380245,-0.7810888290,1.0750850439,,,
11.0625000000,0,0.3104035556,-1.7142972946,-1.1450164318,0.6631270647,,,
11.0644531250,0,0.3848418593,-1.6350370646,-1.3928695917,0.2739164531,,,
11.0664062500,0,0.4695469439,-1.4889229536,-1.4933899641,0.0416017063,,,
11.0683593750,0,0.5625781417,-1.2838594913,-1.4382826090,0.0573094487,,,
11.0703125000,0,0.6618476510,-1.0318462849,-1.2434535027,0.3439328671,,,
11.0722656250,0,0.7651574016,-0.7481480241,-0.9464792013,0.8496204615,,,
11.0742187500,0,0.8702376485,-0.4502374232,-0.6006995440,1.4617520571,,,
11.0761718750,0,0.9747870564,-0.1565839499,-0.2668572068,2.0375735760,,,
11.0781250000,0,1.0765131712,0.1146270335,-0.0035840601,2.4430973530,,,
11.0800781250,0,1.1731729507,0.3467552960,0.1417820454,2.5896070004,,,
11.0820312500,0,1.2626119852,0.5258592367,0.1406202465,2.4577662945,,,
11.0839843750,0,1.3428025246,0.6416610479,-0.0124672716,2.1027240753,,,
11.0859375000,0,1.4118797779,0.6882567406,-0.2987683117,1.6388198137,,,
11.0878906250,0,1.4681737423,0.6645212770,-0.6783311367,1.2080820799,,,
11.0898437500,0,1.5102398396,0.5741803050,-1.0961453915,0.9411550760,,,
11.0917968750,0,1.5368835926,0.4255441129,-1.4906711578,0.9213641882,,,
11.0937500000,0,1.5471819639,0.2309219986,-1.8033882380,1.1617698669,,,
11.0957031250,0,1.5405001640,0.0057578199,-1.9878771305,1.6014996767,,,
11.0976562500,0,1.5165023804,-0.2324527204,-2.0170202255,2.1223645210,,,
11.0996093750,0,1.4751582146,-0.4653876722,-1.8871976137,2.5812067986,,,
11.1015625000,0,1.4167437553,-0.6751818657,-1.6188291311,2.8491122723,,,
11.1035156250,0,1.3418362141,-0.8456778526,-1.2531741858,2.8467438221,,,
11.1054687500,0,1.2513045073,-0.9635573030,-0.8458892703,2.5661079884,,,
11.1074218750,0,1.1462944746,-1.0192745924,-0.4583485126,2.0727937222,,,
11.1093750000,0,1.0282083750,-1.0077266693,-0.1480759084,1.4880638123,,,
11.1113281250,0,0.8986811638,-0.9286128283,0.0402175635,0.9557118416,,,
11.1132812500,0,0.7595518231,-0.7864594460,0.0815977454,0.6027641296,,,
11.1152343750,0,0.6128312349,-0.5903080106,-0.0252136271,0.5047975183,,,
11.1171875000,0,0.4606675208,-0.3530874550,-0.2576482892,0.6653758883,,,
11.1191406250,0,0.3053083122,-0.0907155424,-0.5728191137,1.0152418613,,,
11.1210937500,0,0.1490616947,0.1790086478,-0.9142163992,1.4314817190,,,
11.1230468750,0,-0.0057438863,0.4376438260,-1.2205300331,1.7714110613,,,
11.1250000000,0,-0.1568003893,0.6673906446,-1.4352228642,1.9118907452,,,
11.1269531250,0,-0.3018602729,0.8523313999,-1.5153645277,1.7832976580,,,
11.1289062500,0,-0.4387757778,0.9795388579,-1.4383498430,1.3888363838,,,
11.1308593750,0,-0.5655361414,1.0399771929,-1.2054537535,0.8038981557,,,
11.1328125000,0,-0.6803029776,1.0291314125,-0.8416713476,0.1556398571,,,
11.1347656250,0,-0.7814418674,0.9473221898,-0.3918657303,-0.4116216898,,,
11.1367187500,0,-0.8675511479,0.7996838093,0.0861759707,-0.7757184505,,,
11.1386718750,0,-0.9374861121,0.5958068371,0.5306965113,-0.8698713779,,,
11.1406250000,0,-0.9903790355,0.3490702510,0.8855386376,-0.7007544041,,,
11.1425781250,0,-1.0256539583,0.0757099912,1.1088408232,-0.3464331031,,,
11.1445312500,0,-1.0430369377,-0.2063118368,1.1795042753,0.0652544424,,,
11.1464843750,0,-1.0425604582,-0.4785571992,1.1004247665,0.3919477463,,,
11.1484375000,0,-1.0245627165,-0.7233956456,0.8979853392,0.5159820914,,,
11.1503906250,0,-0.9896816015,-0.9252310991,0.6178901792,0.3768244386,,,
11.1523437500,0,-0.9388437271,-1.0715861320,0.3179876804,-0.0121643487,,,
11.1542968750,0,-0.8732474446,-1.1539689302,0.0592021160,-0.5672363639,,,
11.1562500000,0,-0.7943421602,-1.1684620380,-0.1040143520,-1.1570727825,,,
11.1582031250,0,-0.7038027048,-1.1159906387,-0.1322215199,-1.6386575699,,,
11.1601562500,0,-0.6035000086,-1.0022552013,-0.0071922923,-1.8963770866,,,
11.1621093750,0,-0.4954680502,-0.8373279572,0.2651907504,-1.8736315966,,,
11.1640625000,0,-0.3818681538,-0.6349468231,0.6557950377,-1.5882939100,,,
11.1660156250,0,-0.2649512589,-0.4115518034,1.1167201996,-1.1277799606,,,
11.1679687500,0,-0.1470181495,-0.1851333082,1.5887048244,-0.6250830293,,,
11.1699218750,0,-0.0303792041,0.0260278434,2.0103049278,-0.2223374099,,,
11.1718750000,0,0.0826861560,0.2046410888,2.3274137974,-0.0319007635,,,
11.1738281250,0,0.1899694800,0.3356178105,2.5016417503,-0.1056180820,,,
11.1757812500,0,0.2893720269,0.4071297050,2.5162508488,-0.4206920862,,,
11.1777343750,0,0.3789415956,0.4114401340,2.3787183762,-0.8860309720,,,
11.1796875000,0,0.4569067359,0.3454499543,2.1195340157,-1.3673332930,,,
11.1816406250,0,0.5217078924,0.2109205574,1.7874134779,-1.7240328789,,,
11.1835937500,0,0.5720246434,0.0143578406,1.4416784048,-1.8479787111,,,
11.1855468750,0,0.6067991257,-0.2334345430,1.1429871321,-1.6932444572,,,
11.1875000000,0,0.6252542734,-0.5181014538,0.9438611865,-1.2888990641,,,
11.1894531250,0,0.6269076467,-0.8227299452,0.8804824948,-0.7312350869,,,
11.1914062500,0,0.6115800142,-1.1290218830,0.9670399427,-0.1575820744,,,
11.1933593750,0,0.5793981552,-1.4185618162,1.1935050488,0.2911178768,,,
11.1953125000,0,0.5307931304,-1.6740946770,1.5271842480,0.5087194443,,,
11.1972656250,0,0.4664923847,-1.8807210922,1.9178045988,0.4527423382,,,
11.1992187500,0,0.3875072002,-2.0269291401,2.3053426743,0.1557897478,,,
11.2011718750,0,0.2951149344,-2.1053900719,2.6293754578,-0.2836115062,,,
11.2031250000,0,0.1908366680,-2.1134607792,2.8384981155,-0.7282355428,,,
11.2050781250,0,0.0764105469,-2.0533630848,2.8983407021,-1.0399836302,,,
11.2070312500,0,-0.0462386459,-1.9320193529,2.7969362736,-1.1179426908,,,
11.2089843750,0,-0.1750331968,-1.7605634928,2.5466034412,-0.9262439609,,,
11.2109375000,0,-0.3077788949,-1.5535581112,2.1820492744,-0.5040836930,,,
11.2128906250,0,-0.4422034919,-1.3279709816,1.7549893856,0.0448414423,,,
11.2148437500,0,-0.5759964585,-1.1019858122,1.3261234760,0.5805910230,,,
11.2167968750,0,-0.7068495154,-0.8937271237,0.9557130337,0.9651864171,,,
11.2187500000,0,-0.8324971795,-0.7199901938,0.6942319870,1.1002963781,,,
11.2207031250,0,-0.9507563114,-0.5950632691,0.5745441318,0.9540745020,,,
11.2226562500,0,-1.0595645905,-0.5297253728,0.6068268418,0.5697951913,,,
11.2246093750,0,-1.1570165157,-0.5304883122,0.7770305276,0.0539216474,,,
11.2265625000,0,-1.2413969040,-0.5991372466,1.0491141081,-0.4531231523,,,
11.2285156250,0,-1.3112109900,-0.7326005697,1.3707079887,-0.8154708147,,,
11.2304687500,0,-1.3652108908,-0.9231589437,1.6813220978,-0.9390518665,,,
11.2324218750,0,-1.4024169445,-1.1589785814,1.9218205214,-0.7973619103,,,
11.2343750000,0,-1.4221357107,-1.4249316454,2.0436866283,-0.4386879206,,,
11.2363281250,0,-1.4239716530,-1.7036470175,2.0166344643,0.0271846615,,,
11.2382812500,0,-1.4078344107,-1.9767172337,1.8333832026,0.4591416121,,,
11.2402343750,0,-1.3739403486,-2.2259786129,1.5108466148,0.7235161066,,,
11.2421875000,0,-1.3228088617,-2.4347736835,1.0875566006,0.7308434844,,,
11.2441406250,0,-1.2552537918,-2.5891108513,0.6177176237,0.4605200887,,,
11.2460937500,0,-1.1723687649,-2.6786355972,0.1628209651,-0.0333932936,,,
11.2480468750,0,-1.0755081177,-2.6973512173,-0.2178772837,-0.6368156075,,,
11.2500000000,0,-0.9662641287,-2.6440346241,-0.4765307605,-1.2067250013,,,
11.2519531250,0,-0.8464382291,-2.5223190784,-0.5841016769,-1.6101572514,,,
11.2539062500,0,-0.7180102468,-2.3404405117,-0.5348313451,-1.7604380846,,,
11.2558593750,0,-0.5831037760,-2.1106607914,-0.3470869362,-1.6407181025,,,
11.2578125000,0,-0.4439488947,-1.8484131098,-0.0604523271,-1.3083660603,,,
11.2597656250,0,-0.3028435111,-1.5712243319,0.2704833448,-0.8790148497,,,
11.2617187500,0,-0.1621132493,-1.2974938154,0.5846717954,-0.4946374893,,,
11.2636718750,0,-0.0240707286,-1.0452095270,0.8241549134,-0.2844031453,,,
11.2656250000,0,0.1090246066,-0.8306953311,0.9431300759,-0.3290441036,,,
11.2675781250,0,0.2350059748,-0.6674731970,0.9151186943,-0.6385018826,,,
11.2695312500,0,0.3518369794,-0.5653219223,0.7371222377,-1.1489808559,,,
11.2714843750,0,0.4576471746,-0.5295966864,0.4301168323,-1.7402191162,,,
11.2734375000,0,0.5507645011,-0.5608582497,0.0358110666,-2.2682449818,,,
11.2753906250,0,0.6297445893,-0.6548358202,-0.3898300231,-2.6046445370,,,
11.2773437500,0,0.6933956146,-0.8027278781,-0.7852846384,-2.6715767384,,,
11.2792968750,0,0.7407992482,-0.9918192029,-1.0930435658,-2.4629464149,,,
11.2812500000,0,0.7713264227,-1.2063708305,-1.2685585022,-2.0459291935,,,
11.2832031250,0,0.7846480608,-1.4287216663,-1.2871754169,-1.5424326658,,,
11.2851562500,0,0.7807407975,-1.6405236721,-1.1479737759,-1.0955791473,,,
11.2871093750,0,0.7598871589,-1.8240264654,-0.8739122748,-0.8303924799,,,
11.2890625000,0,0.7226704359,-1.9633193016,-0.5082603693,-0.8194677830,,,
11.2910156250,0,0.6699640751,-2.0454456806,-0.1078691259,-1.0630320311,,,
11.2929687500,0,0.6029165387,-2.0613124371,0.2656686306,-1.4888612032,,,
11.2949218750,0,0.5229306817,-2.0063292980,0.5555934310,-1.9720770121,,,
11.2968750000,0,0.4316390455,-1.8807345629,0.7187976837,-2.3693971634,,,
11.2988281250,0,0.3308752775,-1.6895844936,0.7325140238,-2.5584526062,,,
11.3007812500,0,0.2226415128,-1.4424077272,0.5978327394,-2.4713954926,,,
11.3027343750,0,0.1090732515,-1.1525464058,0.3394992352,-2.1135854721,,,
11.3046875000,0,-0.0075982334,-0.8362329602,0.0020246666,-1.5622341633,,,
11.3066406250,0,-0.1250852197,-0.5114651918,-0.3572851419,-0.9453759789,,,
11.3085937500,0,-0.2410838157,-0.1967579722,-0.6772963405,-0.4069297016,,,
11.3105468750,0,-0.3533144593,0.0901406109,-0.9026124477,-0.0674234778,,,
11.3125000000,0,-0.4595621526,0.3334793746,-0.9922479391,0.0088529885,,,
11.3144531250,0,-0.5577154160,0.5205950737,-0.9260596037,-0.1687310934,,,
11.3164062500,0,-0.6458033919,0.6427877545,-0.7079331875,-0.5199276209,,,
11.3183593750,0,-0.7220306993,0.6959199309,-0.3652285635,-0.9158261418,,,
11.3203125000,0,-0.7848091125,0.6806973219,0.0554295890,-1.2144160271,,,
11.3222656250,0,-0.8327855468,0.6026117206,0.4953615367,-1.2997460365,,,
11.3242187500,0,-0.8648657799,0.4715503454,0.8929187655,-1.1139458418,,,
11.3261718750,0,-0.8802342415,0.3010984659,1.1930326223,-0.6733323932,,,
11.3281250000,0,-0.8783681989,0.1075843200,1.3557378054,-0.0641836450,,,
11.3300781250,0,-0.8590471148,-0.0910675451,1.3623442650,0.5806633830,,,
11.3320312500,0,-0.8223570585,-0.2765938044,1.2182954550,1.1179795265,,,
11.3339843750,0,-0.7686890364,-0.4316738248,0.9522686601,1.4331642389,,,
11.3359375000,0,-0.6987326145,-0.5411450267,0.6116575003,1.4714287519,,,
11.3378906250,0,-0.6134639382,-0.5930678844,0.2551413476,1.2525966167,,,
11.3398437500,0,-0.5141289830,-0.5795661807,-0.0565023199,0.8654673100,,,
11.3417968750,0,-0.4022217691,-0.4973832369,-0.2699096799,0.4432895482,,,
11.3437500000,0,-0.2794586420,-0.3481166065,-0.3474858403,0.1270681173,,,
11.3457031250,0,-0.1477482617,-0.1381136030,-0.2733013332,0.0267617516,,,
11.3476562500,0,-0.0091584763,0.1219642684,-0.0556116290,0.1910083592,,,
11.3496093750,0,0.1341196746,0.4178781509,0.2743932903,0.5936760306,,,
11.3515625000,0,0.2798101306,0.7327980995,0.6674144864,1.1409268379,,,
11.3535156250,0,0.4255914390,1.0484703779,1.0636935234,1.6968580484,,,
11.3554687500,0,0.5691372156,1.3464841843,1.4022943974,2.1206941605,,,
11.3574218750,0,0.7081567049,1.6095497608,1.6305724382,2.3053369522,,,
11.3593750000,0,0.8404344916,1.8226979971,1.7123556137,2.2067079544,,,
11.3613281250,0,0.9638693929,1.9743193388,1.6335636377,1.8558422327,,,
11.3632812500,0,1.0765107870,2.0569684505,1.4043902159,1.3504173756,,,
11.3652343750,0,1.1765928268,2.0678775311,1.0577088594,0.8280407786,,,
11.3671875000,0,1.2625648975,2.0091459751,0.6439492106,0.4286140203,,,
11.3691406250,0,1.3331185579,1.8875890970,0.2232438773,0.2560893893,,,
11.3710937500,0,1.3872107267,1.7142595053,-0.1439323425,0.3500984907,,,
11.3730468750,0,1.4240812063,1.5036717653,-0.4061726332,0.6752276421,,,
11.3750000000,0,1.4432660341,1.2727881670,-0.5291318893,1.1308779716,,,
11.3769531250,0,1.4446055889,1.0398323536,-0.5008587837,1.5790066719,,,
11.3789062500,0,1.4282468557,0.8230158091,-0.3336366713,1.8821434975,,,
11.3808593750,0,1.3946408033,0.6392662525,-0.0620452762,1.9412637949,,,
11.3828125000,0,1.3445347548,0.5030448437,0.2624533772,1.7231336832,,,
11.3847656250,0,1.2789584398,0.4253363907,0.5795623660,1.2696331739,,,
11.3867187500,0,1.1992062330,0.4128822088,0.8295766115,0.6864988208,,,
11.3886718750,0,1.1068141460,0.4677092433,0.9627206922,0.1145687252,,,
11.3906250000,0,1.0035330057,0.5869882107,0.9469428062,-0.3085898161,,,
11.3925781250,0,0.8912972808,0.7632308006,0.7729513049,-0.4861571193,,,
11.3945312500,0,0.7721914649,0.9848122597,0.4557084739,-0.3883722126,,,
11.3964843750,0,0.6484131217,1.2367825508,0.0321491510,-0.0604697578,,,
11.3984375000,0,0.5222344398,1.5019099712,-0.4445210099,0.3899306059,,,
11.4003906250,0,0.3959621787,1.7618839741,-0.9130597115,0.8225242496,,,
11.4023437500,0,0.2718973756,1.9985936880,-1.3136723042,1.1029688120,,,
11.4042968750,0,0.1522946805,2.1953933239,-1.5972692966,1.1398853064,,,
11.4062500000,0,0.0393228605,2.3382647038,-1.7330558300,0.9100701213,,,
11.4082031250,0,-0.0649732873,2.4167981148,-1.7132701874,0.4650064707,,,
11.4101562500,0,-0.1587088555,2.4249207973,-1.5543352365,-0.0831108317,,,
11.4121093750,0,-0.2401919365,2.3613240719,-1.2942420244,-0.5920076370,,,
11.4140625000,0,-0.3079533875,2.2295582294,-0.9865751266,-0.9282265902,,,
11.4160156250,0,-0.3607725501,2.0377888680,-0.6921085119,-1.0036271811,,,
11.4179687500,0,-0.3976989090,1.7982317209,-0.4692833424,-0.7994865179,,,
11.4199218750,0,-0.4180685580,1.5263056755,-0.3650496304,-0.3715970516,,,
11.4218750000,0,-0.4215161204,1.2395622730,-0.4074992239,0.1650364399,,,
11.4238281250,0,-0.4079812169,0.9564663768,-0.6014375687,0.6677060723,,,
11.4257812500,0,-0.3777093887,0.6951147914,-0.9275842905,1.0050803423,,,
11.4277343750,0,-0.3312481046,0.4719792604,-1.3455272913,1.0931441784,,,
11.4296875000,0,-0.2694371045,0.3007637858,-1.7999707460,0.9181497097,,,
11.4316406250,0,-0.1933938116,0.1914551854,-2.2293043137,0.5402882099,,,
11.4335937500,0,-0.1044937521,0.1496326029,-2.5751569271,0.0770777464,,,
11.4355468750,0,-0.0043465681,0.1760850698,-2.7914524078,-0.3289791048,,,
11.4375000000,0,0.1052321494,0.2667628825,-2.8515493870,-0.5496025681,,,
11.4394531250,0,0.2222526222,0.4130668044,-2.7523601055,-0.5060608983,,,
11.4414062500,0,0.3445856571,0.6024544239,-2.5148041248,-0.1909302920,,,
11.4433593750,0,0.4699999690,0.8193216920,-2.1805253029,0.3296755552,,,
11.4453125000,0,0.5962011814,1.0460983515,-1.8053845167,0.9340197444,,,
11.4472656250,0,0.7208719850,1.2644798756,-1.4507442713,1.4778921604,,,
11.4492187500,0,0.8417128325,1.4567112923,-1.1738976240,1.8339112997,,,
11.4511718750,0,0.9564819932,1.6068326235,-1.0191360712,1.9262092113,,,
11.4531250000,0,1.0630348921,1.7017989159,-1.0108475685,1.7509959936,,,
11.4550781250,0,1.1593618393,1.7323971987,-1.1497172117,1.3773676157,,,
11.4570312500,0,1.2436230183,1.6938962936,-1.4126247168,0.9281414747,,,
11.4589843750,0,1.3141807318,1.5863838196,-1.7562537193,0.5459704399,,,
11.4609375000,0,1.3696283102,1.4147673845,-2.1238510609,0.3540274203,,,
11.4628906250,0,1.4088144302,1.1884397268,-2.4540820122,0.4220364988,,,
11.4648437500,0,1.4308638573,0.9206305146,-2.6906042099,0.7469621897,,,
11.4667968750,0,1.4351921082,0.6274906993,-2.7908668518,1.2536524534,,,
11.4687500000,0,1.4215164185,0.3269735575,-2.7327659130,1.8152593374,,,
11.4707031250,0,1.3898601532,0.0375892632,-2.5181186199,2.2878441811,,,
11.4726562500,0,1.3405528069,-0.2228792608,-2.1724143028,2.5496828556,,,
11.4746093750,0,1.2742245197,-0.4386098683,-1.7408825159,2.5345013142,,,
11.4765625000,0,1.1917945147,-0.5968382359,-1.2814891338,2.2495326996,,,
11.4785156250,0,1.0944553614,-0.6887417436,-0.8559512496,1.7734504938,,,
11.4804687500,0,0.9836525321,-0.7100489140,-0.5201709270,1.2347406149,,,
11.4824218750,0,0.8610585332,-0.6613315940,-0.3155765533,0.7764463425,,,
11.4843750000,0,0.7285441756,-0.5479592085,-0.2627207339,0.5169434547,,,
11.4863281250,0,0.5881457329,-0.3797195852,-0.3581317663,0.5175005198,,,
11.4882812500,0,0.4420294464,-0.1701311171,-0.5749084353,0.7655124068,,,
11.4902343750,0,0.2924537063,0.0645046607,-0.8669653535,1.1780029535,,,
11.4921875000,0,0.1417295635,0.3062441647,-1.1762673855,1.6244370937,,,
11.4941406250,0,-0.0078195846,0.5367573500,-1.4419258833,1.9625884295,,,
11.4960937500,0,-0.1538985521,0.7386097908,-1.6097404957,2.0776326656,,,
11.4980468750,0,-0.2942804098,0.8964818716,-1.6406981945,1.9137495756,,,
11.5000000000,0,-0.4268453419,0.9982406497,-1.5171076059,1.4895751476,,,
11.5019531250,0,-0.5496177673,1.0357886553,-1.2454117537,0.8932616711,,,
11.5039062500,0,-0.6608004570,1.0056312084,-0.8552405834,0.2585043311,,,
11.5058593750,0,-0.7588062882,0.9091224670,-0.3948515952,-0.2719012499,,,
11.5078125000,0,-0.8422855735,0.7523732185,0.0763327107,-0.5849823952,,,
11.5097656250,0,-0.9101496339,0.5458258390,0.4969275892,-0.6283285022,,,
11.5117187500,0,-0.9615896344,0.3035278320,0.8130964041,-0.4242230952,,,
11.5136718750,0,-0.9960907698,0.0421530977,0.9868875742,-0.0632977337,,,
11.5156250000,0,-1.0134409666,-0.2201603502,1.0020992756,0.3205510676,,,
11.5175781250,0,-1.0137343407,-0.4650748074,0.8667594790,0.5871049166,,,
11.5195312500,0,-0.9973695874,-0.6753318310,0.6118347049,0.6284996271,,,
11.5214843750,0,-0.9650427103,-0.8359560966,0.2863688469,0.3990322053,,,
11.5234375000,0,-0.9177346826,-0.9353008270,-0.0501903892,-0.0720726028,,,
11.5253906250,0,-0.8566938639,-0.9658605456,-0.3372820318,-0.6884376407,,,
11.5273437500,0,-0.7834144235,-0.9247965813,-0.5226924419,-1.3127208948,,,
11.5292968750,0,-0.6996094584,-0.8141364455,-0.5707121491,-1.8040407896,,,
11.5312500000,0,-0.6071812510,-0.6406349540,-0.4677182436,-2.0563836098,,,
11.5332031250,0,-0.5081874132,-0.4153055251,-0.2243127525,-2.0274682045,,,
11.5351562500,0,-0.4048048258,-0.1526550651,0.1263157576,-1.7501599789,,,
11.5371093750,0,-0.2992913127,0.1303243637,0.5335529447,-1.3233048916,,,
11.5390625000,0,-0.1939458698,0.4153370559,0.9372372031,-0.8845008612,,,
11.5410156250,0,-0.0910681486,0.6840555668,1.2770296335,-0.5722656250,,,
11.5429687500,0,0.0070819282,0.9193948507,1.5018153191,-0.4879749417,,,
11.5449218750,0,0.0983240157,1.1066989899,1.5776720047,-0.6680009961,,,
11.5468750000,0,0.1805957407,1.2347588539,1.4931650162,-1.0736885071,,,
11.5488281250,0,0.2519890070,1.2965884209,1.2611433268,-1.6019159555,,,
11.5507812500,0,0.3107836843,1.2899073362,0.9167569280,-2.1133484840,,,
11.5527343750,0,0.3554778695,1.2172938585,0.5120049715,-2.4706375599,,,
11.5546875000,0,0.3848145306,1.0859998465,0.1076622978,-2.5760996342,,,
11.5566406250,0,0.3978036046,0.9074392319,-0.2361568511,-2.3985457420,,,
11.5585937500,0,0.3937397003,0.6963855624,-0.4693293571,-1.9819079638,,,
11.5605468750,0,0.3722145855,0.4699361026,-0.5594944358,-1.4332994223,,,
11.5625000000,0,0.3331245780,0.2463128418,-0.4970553219,-0.8937763572,,,
11.5644531250,0,0.2766727209,0.0435853116,-0.2966330349,-0.4998176396,,,
11.5664062500,0,0.2033652514,-0.1215962172,0.0052548596,-0.3460750282,,,
11.5683593750,0,0.1140031517,-0.2351686060,0.3559275270,-0.4596031308,,,
11.5703125000,0,0.0096682999,-0.2866435349,0.6947940588,-0.7926297188,,,
11.5722656250,0,-0.1082952619,-0.2698459029,0.9628400803,-1.2358462811,,,
11.5742187500,0,-0.2383045703,-0.1833515912,1.1118704081,-1.6485742331,,,
11.5761718750,0,-0.3785652816,-0.0305939578,1.1120674610,-1.8975373507,,,
11.5781250000,0,-0.5271027684,0.1803683490,0.9566880465,-1.8936117887,,,
11.5800781250,0,-0.6817964911,0.4374060631,0.6631672382,-1.6164793968,,,
11.5820312500,0,-0.8404170275,0.7251578569,0.2704558671,-1.1204265356,,,
11.5839843750,0,-1.0006644726,1.0260941982,-0.1669926494,-0.5196947455,,,
11.5859375000,0,-1.1602090597,1.3217328787,-0.5876505971,0.0426013023,,,
11.5878906250,0,-1.3167310953,1.5939197540,-0.9324468374,0.4334740937,,,
11.5898437500,0,-1.4679619074,1.8260887861,-1.1539158821,0.5662941337,,,
11.5917968750,0,-1.6117228270,2.0044090748,-1.2235401869,0.4243237376,,,
11.5937500000,0,-1.7459633350,2.1187429428,-1.1361433268,0.0651060417,,,
11.5957031250,0,-1.8687970638,2.1633458138,-0.9106490016,-0.3954921663,,,
11.5976562500,0,-1.9785336256,2.1372604370,-0.5870879292,-0.8152083158,,,
11.5996093750,0,-2.0737092495,2.0443766117,-0.2203202695,-1.0645309687,,,
11.6015625000,0,-2.1531112194,1.8931531906,0.1285499781,-1.0623345375,,,
11.6035156250,0,-2.2157990932,1.6960232258,0.4017299712,-0.7982357144,,,
11.6054687500,0,-2.2611215115,1.4685194492,0.5537745953,-0.3355406523,,,
11.6074218750,0,-2.2887258530,1.2281861305,0.5586967468,0.2060227543,,,
11.6093750000,0,-2.2985665798,0.9933499098,0.4140433967,0.6830580235,,,
11.6113281250,0,-2.2909035683,0.7818360329,0.1413030624,0.9677615762,,,
11.6132812500,0,-2.2662985325,0.6097205281,-0.2174195498,0.9829324484,,,
11.6152343750,0,-2.2256045341,0.4902040958,-0.6059436798,0.7231358290,,,
11.6171875000,0,-2.1699507236,0.4326869249,-0.9627488256,0.2562191784,,,
11.6191406250,0,-2.1007235050,0.4421089292,-1.2305464745,-0.2952335775,,,
11.6210937500,0,-2.0195398331,0.5186010003,-1.3651970625,-0.7874288559,,,
11.6230468750,0,-1.9282211065,0.6574723125,-1.3425819874,-1.0946820974,,,
11.6250000000,0,-1.8287591934,0.8495336771,-1.1623628139,-1.1437536478,,,
11.6269531250,0,-1.7232825756,1.0817354918,-0.8480388522,-0.9337919950,,,
11.6289062500,0,-1.6140182018,1.3380745649,-0.4432969093,-0.5364208817,,,
11.6308593750,0,-1.5032525063,1.6007080078,-0.0052207368,-0.0759460628,,,
11.6328125000,0,-1.3932909966,1.8511947393,0.4045828879,0.3048905432,,,
11.6347656250,0,-1.2864183187,2.0717802048,0.7295582891,0.4842224717,,,
11.6367187500,0,-1.1848571301,2.2466323376,0.9269846082,0.3946601748,,,
11.6386718750,0,-1.0907298326,2.3629455566,0.9746013880,0.0419711545,,,
11.6406250000,0,-1.0060206652,2.4118316174,0.8740435243,-0.4962829351,,,
11.6425781250,0,-0.9325411320,2.3889400959,0.6505514979,-1.0917805433,,,
11.6445312500,0,-0.8718978167,2.2947607040,0.3490011990,-1.6003834009,,,
11.6464843750,0,-0.8254644275,2.1345911026,0.0268733017,-1.9014136791,,,
11.6484375000,0,-0.7943571806,1.9181661606,-0.2547440231,-1.9305022955,,,
11.6503906250,0,-0.7794154882,1.6589816809,-0.4407163858,-1.6970087290,,,
11.6523437500,0,-0.7811868787,1.3733541965,-0.4904994965,-1.2812392712,,,
11.6542968750,0,-0.7999171615,1.0792845488,-0.3845050335,-0.8122285008,,,
11.6562500000,0,-0.8355463147,0.7952054143,-0.1272042245,-0.4321752489,,,
11.6582031250,0,-0.8877090812,0.5386980176,0.2535144985,-0.2572826445,,,
11.6601562500,0,-0.9557413459,0.3252690434,0.7106339335,-0.3457358479,,,
11.6621093750,0,-1.0386916399,0.1672724038,1.1852750778,-0.6815956831,,,
11.6640625000,0,-1.1353377104,0.0730513036,1.6158111095,-1.1790244579,,,
11.6660156250,0,-1.2442076206,0.0463602282,1.9474084377,-1.7056865692,,,
11.6679687500,0,-1.3636054993,0.0861072764,2.1405105591,-2.1189119816,,,
11.6699218750,0,-1.4916415215,0.1864346862,2.1769421101,-2.3047127724,,,
11.6718750000,0,-1.6262639761,0.3371320963,2.0626823902,-2.2089595795,,,
11.6738281250,0,-1.7652961016,0.5243535042,1.8268799782,-1.8521739244,,,
11.6757812500,0,-1.9064732790,0.7315881848,1.5172561407,-1.3238847256,,,
11.6777343750,0,-2.0474832058,0.9408174753,1.1926205158,-0.7580928802,,,
11.6796875000,0,-2.1860058308,1.1337771416,0.9136585593,-0.2965714037,,,
11.6816406250,0,-2.3197546005,1.2932370901,0.7334300280,-0.0500571914,,,
11.6835937500,0,-2.4465150833,1.4042090178,0.6890575290,-0.0679711923,,,
11.6855468750,0,-2.5641849041,1.4549983740,0.7958990932,-0.3249652088,,,
11.6875000000,0,-2.6708106995,1.4380263090,1.0451136827,-0.7279815078,,,
11.6894531250,0,-2.7646207809,1.3503649235,1.4049990177,-1.1418892145,,,
11.6914062500,0,-2.8440570831,1.1939491034,1.8258925676,-1.4266710281,,,
11.6933593750,0,-2.9078030586,0.9754478931,2.2478737831,-1.4759662151,,,
11.6953125000,0,-2.9548053741,0.7058076859,2.6100671291,-1.2464052439,,,
11.6972656250,0,-2.9842925072,0.3994956017,2.8600978851,-0.7696955800,,,
11.6992187500,0,-2.9957890511,0.0734988600,2.9622273445,-0.1441431493,,,
11.7011718750,0,-2.9891238213,-0.2538526058,2.9029006958,0.4920679331,,,
11.7031250000,0,-2.9644320011,-0.5641564131,2.6928429604,0.9985159039,,,
11.7050781250,0,-2.9221534729,-0.8402131796,2.3653790951,1.2707885504,,,
11.7070312500,0,-2.8630249500,-1.0672181845,1.9712363482,1.2688564062,,,
11.7089843750,0,-2.7880673409,-1.2337858677,1.5706408024,1.0277982950,,,
11.7109375000,0,-2.6985673904,-1.3327356577,1.2239384651,0.6479412317,,,
11.7128906250,0,-2.5960552692,-1.3615853786,0.9822022319,0.2671194673,,,
11.7148437500,0,-2.4822781086,-1.3227163553,0.8792867064,0.0226584971,,,
11.7167968750,0,-2.3591690063,-1.2231990099,0.9265693426,0.0135038123,,,
11.7187500000,0,-2.2288134098,-1.0742931366,1.1111962795,0.2728770673,,,
11.7207031250,0,-2.0934131145,-0.8906545043,1.3981060982,0.7589551806,,,
11.7226562500,0,-1.9552468061,-0.6893052459,1.7355167866,1.3661290407,,,
11.7246093750,0,-1.8166306019,-0.4884398580,2.0630202293,1.9537580013,,,
11.7265625000,0,-1.6798778772,-0.3061490357,2.3210239410,2.3845405579,,,
11.7285156250,0,-1.5472586155,-0.1591509730,2.4600687027,2.5619881153,,,
11.7304687500,0,-1.4209592342,-0.0616186224,2.4485723972,2.4567291737,,,
11.7324218750,0,-1.3030451536,-0.0241846871,2.2777898312,2.1144418716,,,
11.7343750000,0,-1.1954243183,-0.0531935431,1.9632219076,1.6432349682,,,
11.7363281250,0,-1.0998135805,-0.1502524614,1.5422466993,1.1839419603,,,
11.7382812500,0,-1.0177092552,-0.3121134639,1.0683492422,0.8714679480,,,
11.7402343750,0,-0.9503608346,-0.5308937430,0.6028415561,0.7977840304,,,
11.7421875000,0,-0.8987488747,-0.7946200371,0.2053674310,0.9867109656,,,
11.7441406250,0,-0.8635684252,-1.0880576372,-0.0753325671,1.3874040842,,,
11.7460937500,0,-0.8452164531,-1.3937684298,-0.2089563906,1.8883246183,,,
11.7480468750,0,-0.8437855840,-1.6933209896,-0.1883028150,2.3478672504,,,
11.7500000000,0,-0.8590620160,-1.9685726166,-0.0303351190,2.6332497597,,,
11.7519531250,0,-0.8905298114,-2.2029292583,0.2265193015,2.6570060253,,,
11.7539062500,0,-0.9373796582,-2.3824989796,0.5284125805,2.4010779858,,,
11.7558593750,0,-0.9985237122,-2.4970574379,0.8145216703,1.9219057560,,,
11.7578125000,0,-1.0726140738,-2.5407571793,1.0265792608,1.3351144791,,,
11.7597656250,0,-1.1580673456,-2.5125329494,1.1180063486,0.7839992046,,,
11.7617187500,0,-1.2530916929,-2.4161727428,1.0612225533,0.4004390836,,,
11.7636718750,0,-1.3557188511,-2.2600519657,0.8519963622,0.2689529657,,,
11.7656250000,0,-1.4638385773,-2.0565474033,0.5101568103,0.4037460387,,,
11.7675781250,0,-1.5752362013,-1.8211724758,0.0765559003,0.7450359464,,,
11.7695312500,0,-1.6876305342,-1.5714943409,-0.3932458162,1.1756633520,,,
11.7714843750,0,-1.7987149954,-1.3259080648,-0.8375869393,1.5534322262,,,
11.7734375000,0,-1.9061976671,-1.1023535728,-1.1982656717,1.7503147125,,,
11.7753906250,0,-2.0078418255,-0.9170643687,-1.4295643568,1.6877728701,,,
11.7773437500,0,-2.1015052795,-0.7834359407,-1.5053325891,1.3585149050,,,
11.7792968750,0,-2.1851773262,-0.7110921741,-1.4230259657,0.8287210464,,,
11.7812500000,0,-2.2570157051,-0.7052153945,-1.2040712833,0.2201264799,,,
11.7832031250,0,-2.3153772354,-0.7661864161,-0.8905016184,-0.3231292367,,,
11.7851562500,0,-2.3588483334,-0.8895594478,-0.5383859277,-0.6738038659,,,
11.7871093750,0,-2.3862686157,-1.0663744211,-0.2090757787,-0.7562348843,,,
11.7890625000,0,-2.3967528343,-1.2837840319,0.0403665528,-0.5668991208,,,
11.7910156250,0,-2.3897051811,-1.5259525776,0.1660678536,-0.1752166003,,,
11.7929687500,0,-2.3648307323,-1.7751630545,0.1441857815,0.2956202030,,,
11.7949218750,0,-2.3221409321,-2.0130565166,-0.0253735688,0.7025365829,,,
11.7968750000,0,-2.2619533539,-2.2219150066,-0.3189408779,0.9218953848,,,
11.7988281250,0,-2.1848855019,-2.3859026432,-0.6927741766,0.8834696412,,,
11.8007812500,0,-2.0918459892,-2.4921729565,-1.0898799896,0.5897553563,,,
11.8027343750,0,-1.9840176105,-2.5317692757,-1.4489020109,0.1153323650,,,
11.8046875000,0,-1.8628368378,-2.5002558231,-1.7136937380,-0.4135535061,,,
11.8066406250,0,-1.7299693823,-2.3980295658,-1.8420828581,-0.8535903096,,,
11.8085937500,0,-1.5872813463,-2.2303006649,-1.8124632835,-1.0836992264,,,
11.8105468750,0,-1.4368059635,-2.0067324638,-1.6271867752,-1.0382622480,,,
11.8125000000,0,-1.2807091475,-1.7407754660,-1.3122273684,-0.7251713276,,,
11.8144531250,0,-1.1212512255,-1.4487336874,-0.9131682515,-0.2237513065,,,
11.8164062500,0,-0.9607477784,-1.1486353874,-0.4881391227,0.3368749619,,,
11.8183593750,0,-0.8015293479,-0.8589813709,-0.0988008752,0.8130505085,,,
11.8203125000,0,-0.6459009051,-0.5974622369,0.1992165893,1.0858139992,,,
11.8222656250,0,-0.4961014986,-0.3797309101,0.3649347723,1.0933445692,,,
11.8242187500,0,-0.3542656004,-0.2183184475,0.3783630133,0.8477319479,,,
11.8261718750,0,-0.2223857045,-0.1217669249,0.2435638458,0.4314761758,,,
11.8281250000,0,-0.1022778451,-0.0940410718,-0.0120293293,-0.0253210813,,,
11.8300781250,0,0.0044500316,-0.1342589408,-0.3419364393,-0.3808206916,,,
11.8320312500,0,0.0964259580,-0.2367606610,-0.6879224181,-0.5205348134,,,
11.8339843750,0,0.1725377589,-0.3915104866,-0.9891204238,-0.3889245987,,,
11.8359375000,0,0.2319522202,-0.5848039985,-1.1915659904,-0.0048452830,,,
11.8378906250,0,0.2741295397,-0.8002309799,-1.2566554546,0.5433970690,,,
11.8398437500,0,0.2988323867,-1.0198273659,-1.1672129631,1.1220239401,,,
11.8417968750,0,0.3061299920,-1.2253350019,-0.9302183390,1.5882285833,,,
11.8437500000,0,0.2963965833,-1.3994826078,-0.5757725835,1.8291004896,,,
11.8457031250,0,0.2703045309,-1.5271970034,-0.1524615586,1.7923623323,,,
11.8476562500,0,0.2288125604,-1.5966613293,0.2801616192,1.5004998446,,,
11.8496093750,0,0.1731484681,-1.6001468897,0.6608031392,1.0444115400,,,
11.8515625000,0,0.1047875360,-1.5345584154,0.9359281063,0.5583228469,,,
11.8535156250,0,0.0254264250,-1.4016568661,1.0680540800,0.1828390956,,,
11.8554687500,0,-0.0630467758,-1.2079439163,1.0415458679,0.0262672994,,,
11.8574218750,0,-0.1585858613,-0.9642146230,0.8650107384,0.1348073334,,,
11.8593750000,0,-0.2590225041,-0.6848114729,0.5699199438,0.4797838032,,,
11.8613281250,0,-0.3621045947,-0.3866302669,0.2056722939,0.9654191732,,,
11.8632812500,0,-0.4655357301,-0.0879480988,-0.1681317091,1.4550184011,,,
11.8652343750,0,-0.5670158267,0.1928453147,-0.4910012484,1.8083896637,,,
11.8671875000,0,-0.6642814279,0.4385243058,-0.7110018730,1.9202455282,,,
11.8691406250,0,-0.7551457882,0.6342231631,-0.7928659916,1.7490601540,,,
11.8710937500,0,-0.8375372887,0.7684674859,-0.7235033512,1.3284742832,,,
11.8730468750,0,-0.9095357656,0.8339694738,-0.5140541196,0.7581213713,,,
11.8750000000,0,-0.9694066644,0.8281315565,-0.1981633753,0.1763892472,,,
11.8769531250,0,-1.0156313181,0.7532231212,0.1732530743,-0.2774179280,,,
11.8789062500,0,-1.0469341278,0.6162182093,0.5399371386,-0.5011482239,,,
11.8808593750,0,-1.0623047352,0.4283053279,0.8416759372,-0.4576682150,,,
11.8828125000,0,-1.0610160828,0.2041041106,1.0276862383,-0.1848909259,,,
11.8847656250,0,-1.0426372290,-0.0393576585,1.0645339489,0.2147817016,,,
11.8867187500,0,-1.0070414543,-0.2838340104,0.9413556457,0.6027068496,,,
11.8886718750,0,-0.9544083476,-0.5111356974,0.6715685129,0.8421958089,,,
11.8906250000,0,-0.8852208257,-0.7044007778,0.2908015549,0.8361863494,,,
11.8925781250,0,-0.8002572060,-0.8492720723,-0.1486282051,0.5540648699,,,
11.8945312500,0,-0.7005773783,-0.9349000454,-0.5858360529,0.0402867496,,,
11.8964843750,0,-0.5875046849,-0.9547002912,-0.9608203769,-0.5975713134,,,
11.8984375000,0,-0.4626028240,-0.9068134427,-1.2237730026,-1.2180534601,,,
11.9003906250,0,-0.3276487291,-0.7942353487,-1.3427985907,-1.6843495369,,,
11.9023437500,0,-0.1846015304,-0.6246081591,-1.3088415861,-1.9015463591,,,
11.9042968750,0,-0.0355684943,-0.4096870124,-1.1370522976,-1.8423982859,,,
11.9062500000,0,0.1172317341,-0.1645198464,-0.8643811345,-1.5545548201,,,
11.9082031250,0,0.2715077996,0.0936030969,-0.5437748432,-1.1472694874,,,
11.9101562500,0,0.4249356389,0.3463562727,-0.2358791530,-0.7612318397,,,
11.9121093750,0,0.5751990080,0.5756584406,0.0004590488,-0.5297937989,,,
11.9140625000,0,0.7200297713,0.7649355531,0.1174111739,-0.5422199965,,,
11.9160156250,0,0.8572477698,0.9002788663,0.0856711268,-0.8190336823,,,
11.9179687500,0,0.9847984314,0.9714176059,-0.1009245664,-1.3062194586,,,
11.9199218750,0,1.1007890701,0.9724381566,-0.4243806005,-1.8898702860,,,
11.9218750000,0,1.2035214901,0.9021998048,-0.8452894092,-2.4272692204,,,
11.9238281250,0,1.2915219069,0.7644178271,-1.3089125156,-2.7858846188,,,
11.9257812500,0,1.3635663986,0.5674085021,-1.7536506653,-2.8795969486,,,
11.9277343750,0,1.4187022448,0.3235133588,-2.1205818653,-2.6922242641,,,
11.9296875000,0,1.4562649727,0.0482430384,-2.3625855446,-2.2819049358,,,
11.9316406250,0,1.4758889675,-0.2407994866,-2.4516270161,-1.7651315928,,,
11.9335937500,0,1.4775145054,-0.5251414180,-2.3830728531,-1.2848160267,,,
11.9355468750,0,1.4613885880,-0.7867230177,-2.1763617992,-0.9711360931,,,
11.9375000000,0,1.4280604124,-1.0091513395,-1.8719291687,-0.9058958292,,,
11.9394531250,0,1.3783714771,-1.1788378954,-1.5248627663,-1.1001646519,,,
11.9414062500,0,1.3134411573,-1.2859401703,-1.1962786913,-1.4913254976,,,
11.9433593750,0,1.2346467972,-1.3250415325,-0.9437615871,-1.9603390694,,,
11.9453125000,0,1.1435996294,-1.2955231667,-0.8123574853,-2.3644917011,,,
11.9472656250,0,1.0421164036,-1.2016004324,-0.8275228143,-2.5766501427,,,
11.9492187500,0,0.9321874380,-1.0520224571,-0.9911279082,-2.5202648640,,,
11.9511718750,0,0.8159420490,-0.8594553471,-1.2811374664,-2.1905250549,,,
11.9531250000,0,0.6956108809,-0.6395916939,-1.6550184488,-1.6558662653,,,
11.9550781250,0,0.5734868646,-0.4100497365,-2.0563437939,-1.0394184589,,,
11.9570312500,0,0.4518852830,-0.1891377568,-2.4235649109,-0.4854715466,,,
11.9589843750,0,0.3331028223,0.0054299934,-2.6995847225,-0.1201530918,,,
11.9609375000,0,0.2193776667,0.1577754766,-2.8406424522,-0.0170894340,,,
11.9628906250,0,0.1128500551,0.2549713254,-2.8231244087,-0.1774608493,,,
11.9648437500,0,0.0155249285,0.2879495919,-2.6472418308,-0.5299145579,,,
11.9667968750,0,-0.0707632601,0.2521410584,-2.3370010853,-0.9503573179,,,
11.9687500000,0,-0.1443826109,0.1478012204,-1.9364718199,-1.2962008715,,,
11.9707031250,0,-0.2039324343,-0.0200004727,-1.5029356480,-1.4456722736,,,
11.9726562500,0,-0.2482676357,-0.2417270988,-1.0979785919,-1.3314138651,,,
11.9746093750,0,-0.2765189111,-0.5040323138,-0.7779192924,-0.9591608644,,,
11.9765625000,0,-0.2881077826,-0.7906839848,-0.5850601792,-0.4063770175,,,
11.9785156250,0,-0.2827568948,-1.0836894512,-0.5411260724,0.1987806112,,,
11.9804687500,0,-0.2604946196,-1.3645436764,-0.6439111829,0.7124038339,,,
11.9824218750,0,-0.2216547132,-1.6155127287,-0.8676568866,1.0141078234,,,
11.9843750000,0,-0.1668703556,-1.8208644390,-1.1671016216,1.0398755074,,,
11.9863281250,0,-0.0970629528,-1.9679586887,-1.4845712185,0.7994710207,,,
11.9882812500,0,-0.0134260887,-2.0481238365,-1.7590053082,0.3736512661,,,
11.9902343750,0,0.0825955570,-2.0572540760,-1.9355145693,-0.1080588028,,,
11.9921875000,0,0.1893315017,-1.9960918427,-1.9739782810,-0.5029362440,,,
11.9941406250,0,0.3049148023,-1.8701691628,-1.8553446531,-0.6942255497,,,
11.9960937500,0,0.4273148179,-1.6894176006,-1.5846511126,-0.6231648326,,,
11.9980468750,0,0.5543727875,-1.4674705267,-1.1902940273,-0.3050960898,,,
12.0000000000,0,0.6838398576,-1.2207078934,-0.7196621895,0.1747570634,,,
12.0019531250,0,0.8134163618,-0.9671093822,-0.2318125963,0.6846857071,,,
12.0039062500,0,0.9407923818,-0.7249968052,0.2116696388,1.0826537609,,,
12.0058593750,0,1.0636880398,-0.5117525458,0.5562051535,1.2553074360,,,
12.0078125000,0,1.1798938513,-0.3426040709,0.7626623511,1.1491439342,,,
12.0097656250,0,1.2873092890,-0.2295588851,0.8133937716,0.7852956057,,,
12.0117187500,0,1.3839795589,-0.1805642992,0.7149258852,0.2538771033,,,
12.0136718750,0,1.4681303501,-0.1989507377,0.4968850911,-0.3105573654,,,
12.0156250000,0,1.5381987095,-0.2831974030,0.2073259056,-0.7657209039,,,
12.0175781250,0,1.5928605795,-0.4270364940,-0.0948093683,-1.0004069805,,,
12.0195312500,0,1.6310541630,-0.6198887229,-0.3489257395,-0.9647728205,,,
12.0214843750,0,1.6519987583,-0.8475998640,-0.5022659898,-0.6837946773,,,
12.0234375000,0,1.6552083492,-1.0934273005,-0.5181786418,-0.2502103150,,,
12.0253906250,0,1.6405003071,-1.3392068148,-0.3818750083,0.2011159360,,,
12.0273437500,0,1.6079990864,-1.5666190386,-0.1027783453,0.5303771496,,,
12.0292968750,0,1.5581334829,-1.7584680319,0.2869004011,0.6313638687,,,
12.0312500000,0,1.4916300774,-1.8998798132,0.7371395230,0.4607954025,,,
12.0332031250,0,1.4095002413,-1.9793417454,1.1878604889,0.0504012518,,,
12.0351562500,0,1.3130224943,-1.9895061255,1.5782516003,-0.5015603900,,,
12.0371093750,0,1.2037204504,-1.9277043343,1.8562091589,-1.0570248365,,,
12.0390625000,0,1.0833367109,-1.7961354256,1.9864264727,-1.4757618904,,,
12.0410156250,0,0.9538015723,-1.6017143726,1.9558695555,-1.6536211967,,,
12.0429687500,0,0.8172003627,-1.3555935621,1.7757881880,-1.5509023666,,,
12.0449218750,0,0.6757365465,-1.0723876953,1.4799484015,-1.2030754089,,,
12.0468750000,0,0.5316935182,-0.7691581845,1.1193618774,-0.7109158039,,,
12.0488281250,0,0.3873948157,-0.4642273188,0.7543332577,-0.2127583772,,,
12.0507812500,0,0.2451635301,-0.1759044379,0.4450642169,0.1535237134,,,
12.0527343750,0,0.1072819307,0.0787862614,0.2422775477,0.2883935273,,,
12.0546875000,0,-0.0240483470,0.2852882445,0.1793216914,0.1579974741,,,
12.0566406250,0,-0.1467446685,0.4325227439,0.2669854164,-0.1965110749,,,
12.0585937500,0,-0.2588796318,0.5136560798,0.4918302596,-0.6702271104,,,
12.0605468750,0,-0.3587146699,0.5265706182,0.8183004856,-1.1232442856,,,
12.0625000000,0,-0.4447301924,0.4740067422,1.1942813396,-1.4190200567,,,
12.0644531250,0,-0.5156520605,0.3633657098,1.5592405796,-1.4618417025,,,
12.0664062500,0,-0.5704736710,0.2061872482,1.8536840677,-1.2231236696,,,
12.0683593750,0,-0.6084733605,0.0173385385,2.0284538269,-0.7493290305,,,
12.0703125000,0,-0.6292268634,-0.1860293150,2.0524179935,-0.1493433416,,,
12.0722656250,0,-0.6326143742,-0.3856840432,1.9173583984,0.4352404773,,,
12.0742187500,0,-0.6188228130,-0.5635906458,1.6392890215,0.8687818646,,,
12.0761718750,0,-0.5883417130,-0.7031762004,1.2560051680,1.0586038828,,,
12.0781250000,0,-0.5419551134,-0.7904928327,0.8212416768,0.9802133441,,,
12.0800781250,0,-0.4807270467,-0.8151977658,0.3963501751,0.6838195324,,,
12.0820312500,0,-0.4059830904,-0.7712820172,0.0407920852,0.2803659737,,,
12.0839843750,0,-0.3192867041,-0.6574972868,-0.1970721781,-0.0890933499,,,
12.0859375000,0,-0.2224116921,-0.4774504304,-0.2874639630,-0.2922798991,,,
12.0878906250,0,-0.1173109263,-0.2393597811,-0.2237717658,-0.2421777993,,,
12.0898437500,0,-0.0060819499,0.0445101038,-0.0235274509,0.0788790956,,,
12.0917968750,0,0.1090700105,0.3586959243,0.2743783891,0.6141240597,,,
12.0937500000,0,0.2258708477,0.6856060624,0.6158079505,1.2476736307,,,
12.0957031250,0,0.3420176506,1.0067397356,0.9398625493,1.8360475302,,,
12.0976562500,0,0.4552192390,1.3039689064,1.1884213686,2.2472562790,,,
12.0996093750,0,0.5632364750,1.5607950687,1.3152471781,2.3967444897,,,
12.1015625000,0,0.6639217734,1.7634919882,1.2932397127,2.2703425884,,,
12.1035156250,0,0.7552567124,1.9020553827,1.1187072992,1.9279383421,,,
12.1054687500,0,0.8353880048,1.9708926678,0.8119912744,1.4868623018,,,
12.1074218750,0,0.9026597738,1.9692060947,0.4143445790,1.0895447731,,,
12.1093750000,0,0.9556428790,1.9010410309,-0.0184481200,0.8643078804,,,
12.1113281250,0,0.9931601882,1.7749963999,-0.4247163832,0.8900429010,,,
12.1132812500,0,1.0143076181,1.6036187410,-0.7464689612,1.1744518280,,,
12.1152343750,0,1.0184696913,1.4025201797,-0.9383887053,1.6518204212,,,
12.1171875000,0,1.0053309202,1.1892831326,-0.9748562574,2.2009327412,,,
12.1191406250,0,0.9748815298,0.9822281003,-0.8539085984,2.6782188416,,,
12.1210937500,0,0.9274176359,0.7991300821,-0.5975169539,2.9570503235,,,
12.1230468750,0,0.8635362983,0.6559729576,-0.2481393963,2.9624166489,,,
12.1250000000,0,0.7841255069,0.5658293366,0.1379130781,2.6914761066,,,
12.1269531250,0,0.6903486252,0.5379437208,0.4992649555,2.2143523693,,,
12.1289062500,0,0.5836241841,0.5770825744,0.7790493965,1.6549533606,,,
12.1308593750,0,0.4656014144,0.6831972599,0.9337754846,1.1570746899,,,
12.1328125000,0,0.3381315172,0.8514229655,0.9401077032,0.8450725675,,,
12.1347656250,0,0.2032353133,1.0724135637,0.7985029221,0.7898866534,,,
12.1367187500,0,0.0630682334,1.3329895735,0.5331367850,0.9897220135,,,
12.1386718750,0,-0.0801173821,1.6170536280,0.1881323457,1.3706853390,,,
12.1406250000,0,-0.2240114361,1.9067097902,-0.1793224663,1.8071976900,,,
12.1425781250,0,-0.3662863970,2.1835086346,-0.5078959465,2.1565907001,,,
12.1445312500,0,-0.5046378374,2.4297308922,-0.7416833043,2.2983992100,,,
12.1464843750,0,-0.6368246675,2.6296212673,-0.8389353752,2.1675825119,,,
12.1484375000,0,-0.7607081532,2.7704851627,-0.7785866261,1.7725663185,,,
12.1503906250,0,-0.8742891550,2.8435721397,-0.5635647774,1.1931593418,,,
12.1523437500,0,-0.9757430553,2.8446857929,-0.2203667611,0.5589110255,,,
12.1542968750,0,-1.0634515285,2.7744741440,0.2050330490,0.0138442153,,,
12.1562500000,0,-1.1360306740,2.6383852959,0.6543054581,-0.3227780163,,,
12.1582031250,0,-1.1923551559,2.4462873936,1.0658105612,-0.3888982534,,,
12.1601562500,0,-1.2315776348,2.2117803097,1.3841546774,-0.1964340955,,,
12.1621093750,0,-1.2531436682,1.9512479305,1.5687723160,0.1722231358,,,
12.1640625000,0,-1.2568011284,1.6827172041,1.6001966000,0.5870184302,,,
12.1660156250,0,-1.2426043749,1.4246020317,1.4830409288,0.9060984254,,,
12.1679687500,0,-1.2109134197,1.1944214106,1.2452287674,1.0149004459,,,
12.1699218750,0,-1.1623873711,1.0075792074,0.9335920811,0.8577500582,,,
12.1718750000,0,-1.0979728699,0.8762933016,0.6065221429,0.4533056915,,,
12.1738281250,0,-1.0188869238,0.8087457418,0.3248203993,-0.1103845835,,,
12.1757812500,0,-0.9265964031,0.8085154295,0.1421728134,-0.6998605132,,,
12.1777343750,0,-0.8227912188,0.8743323684,0.0967325270,-1.1726912260,,,
12.1796875000,0,-0.7093554139,1.0001695156,0.2051217109,-1.4163950682,,,
12.1816406250,0,-0.5883336663,1.1756675243,0.4597874880,-1.3791707754,,,
12.1835937500,0,-0.4618953764,1.3868612051,0.8301238418,-1.0840201378,,,
12.1855468750,0,-0.3322969377,1.6171584129,1.2671852112,-0.6223899722,,,
12.1875000000,0,-0.2018417120,1.8485014439,1.7112574577,-0.1290781945,,,
12.1894531250,0,-0.0728399456,2.0626320839,2.1011083126,0.2547191978,,,
12.1914062500,0,0.0524319485,2.2423701286,2.3834753036,0.4200923443,,,
12.1933593750,0,0.1717712432,2.3728163242,2.5213146210,0.3202310801,,,
12.1953125000,0,0.2830875516,2.4423990250,2.4995262623,-0.0168030784,,,
12.1972656250,0,0.3844394982,2.4436848164,2.3272640705,-0.4958459139,,,
12.1992187500,0,0.4740686715,2.3739058971,2.0364696980,-0.9808107615,,,
12.2011718750,0,0.5504306555,2.2351574898,1.6768622398,-1.3321034908,,,
12.2031250000,0,0.6122219563,2.0342595577,1.3081595898,-1.4450170994,,,
12.2050781250,0,0.6584028602,1.7822874784,0.9907480478,-1.2785813808,,,
12.2070312500,0,0.6882157326,1.4938073158,0.7762500644,-0.8669592738,,,
12.2089843750,0,0.7011983991,1.1858667135,0.6994605660,-0.3102658987,,,
12.2109375000,0,0.6971920729,0.8768134117,0.7729088664,0.2526772618,,,
12.2128906250,0,0.6763442755,0.5850233436,0.9848916531,0.6821854115,,,
12.2148437500,0,0.6391060948,0.3276263773,1.3012846708,0.8757826686,,,
12.2167968750,0,0.5862246156,0.1193192005,1.6708503962,0.7960705161,,,
12.2187500000,0,0.5187295675,-0.0286518764,2.0332159996,0.4807561934,,,
12.2207031250,0,0.4379152358,-0.1092678308,2.3282763958,0.0320958048,,,
12.2226562500,0,0.3453181386,-0.1202188283,2.5055630207,-0.4113536477,,,
12.2246093750,0,0.2426897138,-0.0640578046,2.5321114063,-0.7129282355,,,
12.2265625000,0,0.1319658458,0.0519849472,2.3976104259,-0.7755278349,,,
12.2285156250,0,0.0152329030,0.2165134251,2.1160254478,-0.5684363842,,,
12.2304687500,0,-0.1053088754,0.4147678912,1.7234431505,-0.1359401047,,,
12.2324218750,0,-0.2273838967,0.6296613812,1.2724767923,0.4146215320,,,
12.2343750000,0,-0.3486811221,0.8429782987,0.8240998983,0.9420979619,,,
12.2363281250,0,-0.4668945968,1.0366519690,0.4381811321,1.3100507259,,,
12.2382812500,0,-0.5797638297,1.1940308809,0.1641953439,1.4240012169,,,
12.2402343750,0,-0.6851136088,1.3010470867,0.0335563943,1.2571954727,,,
12.2421875000,0,-0.7808918357,1.3472036123,0.0547661223,0.8578264713,,,
12.2441406250,0,-0.8652058244,1.3263127804,0.2121348381,0.3357354999,,,
12.2460937500,0,-0.9363554120,1.2369339466,0.4682724178,-0.1677621454,,,
12.2480468750,0,-0.9928628206,1.0824800730,0.7699616551,-0.5186560154,,,
12.2500000000,0,-1.0334986448,0.8709856868,1.0564991236,-0.6269954443,,,
12.2519531250,0,-1.0573033094,0.6145514846,1.2692035437,-0.4715470374,,,
12.2539062500,0,-1.0636043549,0.3285067081,1.3606110811,-0.1055962369,,,
12.2558593750,0,-1.0520277023,0.0303446446,1.3019250631,0.3576963842,,,
12.2578125000,0,-1.0225050449,-0.2614922523,1.0875582695,0.7763710022,,,
12.2597656250,0,-0.9752745032,-0.5288938880,0.7360623479,1.0186585188,,,
12.2617187500,0,-0.9108770490,-0.7553412914,0.2872968316,0.9991985559,,,
12.2636718750,0,-0.8301468492,-0.9270544052,-0.2037199885,0.7025581598,,,
12.2656250000,0,-0.7341970205,-1.0339496136,-0.6753214002,0.1876035780,,,
12.2675781250,0,-0.6244000196,-1.0703396797,-1.0687384605,-0.4284729660,,,
12.2695312500,0,-0.5023639798,-1.0353269577,-1.3371959925,-1.0020960569,,,
12.2714843750,0,-0.3699046075,-0.9328638315,-1.4531407356,-1.4024664164,,,
12.2734375000,0,-0.2290134281,-0.7714745998,-1.4124773741,-1.5472056866,,,
12.2753906250,0,-0.0818232596,-0.5636589527,-1.2351524830,-1.4247194529,,,
12.2773437500,0,0.0694290996,-0.3250190020,-0.9619953632,-1.0971515179,,,
12.2792968750,0,0.2224418521,-0.0731697604,-0.6483080983,-0.6831222177,,,
12.2812500000,0,0.3748883307,0.1734899133,-0.3552045524,-0.3249824047,,,
12.2832031250,0,0.5244575739,0.3970610499,-0.1400459856,-0.1495615095,,,
12.2851562500,0,0.6688947082,0.5813928246,-0.0474640653,-0.2331685126,,,
12.2871093750,0,0.8060399890,0.7132086754,-0.1023698375,-0.5804409385,,,
12.2890625000,0,0.9338667989,0.7830316424,-0.3060371876,-1.1228400469,,,
12.2910156250,0,1.0505166054,0.7858445048,-0.6358714104,-1.7372081280,,,
12.2929687500,0,1.1543318033,0.7214380503,-1.0488989353,-2.2793016434,,,
12.2949218750,0,1.2438838482,0.5944246650,-1.4884349108,-2.6231153011,,,
12.2968750000,0,1.3179986477,0.4139143229,-1.8928896189,-2.6952168941,,,
12.2988281250,0,1.3757766485,0.1928774416,-2.2053439617,-2.4946901798,,,
12.3007812500,0,1.4166086912,-0.0527623445,-2.3823997974,-2.0932152271,,,
12.3027343750,0,1.4401861429,-0.3052413762,-2.4009301662,-1.6152719259,,,
12.3046875000,0,1.4465059042,-0.5461978912,-2.2616739273,-1.2038896084,,,
12.3066406250,0,1.4358711243,-0.7579559684,-1.9891202450,-0.9813324809,,,
12.3085937500,0,1.4088846445,-0.9247619510,-1.6276949644,-1.0154972076,,,
12.3105468750,0,1.3664388657,-1.0338871479,-1.2348476648,-1.3012318611,,,
12.3125000000,0,1.3097000122,-1.0765194893,-0.8721137643,-1.7616980076,,,
12.3144531250,0,1.2400867939,-1.0483833551,-0.5955439806,-2.2694020271,,,
12.3164062500,0,1.1592460871,-0.9500418305,-0.4469918907,-2.6811323166,,,
12.3183593750,0,1.0690233707,-0.7868631482,-0.4476170838,-2.8772287369,,,
12.3203125000,0,0.9714304805,-0.5686515570,-0.5946145058,-2.7944171429,,,
12.3222656250,0,0.8686100841,-0.3089693785,-0.8616802692,-2.4432163239,,,
12.3242187500,0,0.7627978325,-0.0241967868,-1.2031409740,-1.9051388502,,,
12.3261718750,0,0.6562831402,0.2676040828,-1.5611026287,-1.3104588985,,,
12.3281250000,0,0.5513687730,0.5479426384,-1.8745067120,-0.8026338816,,,
12.3300781250,0,0.4503302574,0.7991828918,-2.0886809826,-0.4991330504,,,
12.3320312500,0,0.3553759158,1.0057665110,-2.1638991833,-0.4594066441,,,
12.3339843750,0,0.2686079144,1.1552916765,-2.0816137791,-0.6687718630,,,
12.3359375000,0,0.1919851601,1.2393703461,-1.8473933935,-1.0426317453,,,
12.3378906250,0,0.1272888482,1.2542068958,-1.4901056290,-1.4498680830,,,
12.3398437500,0,0.0760910287,1.2008558512,-1.0574710369,-1.7489955425,,,
12.3417968750,0,0.0397267938,1.0851408243,-0.6086841226,-1.8271665573,,,
12.3437500000,0,0.0192707013,0.9172419310,-0.2052462399,-1.6313338280,,,
12.3457031250,0,0.0155177116,0.7109784484,0.0985588282,-1.1830288172,,,
12.3476562500,0,0.0289690346,0.4828381538,0.2640653551,-0.5727037787,,,
12.3496093750,0,0.0598231144,0.2508203387,0.2741932273,0.0648160204,,,
12.3515625000,0,0.1079719216,0.0331736766,0.1360536814,0.5870416760,,,
12.3535156250,0,0.1730025858,-0.1528833956,-0.1202124581,0.8826345801,,,
12.3554687500,0,0.2542044520,-0.2923704684,-0.4461827278,0.9016888142,,,
12.3574218750,0,0.3505811691,-0.3735967278,-0.7827475071,0.6691845059,,,
12.3593750000,0,0.4608680904,-0.3889830112,-1.0693675280,0.2779270113,,,
12.3613281250,0,0.5835539103,-0.3355971873,-1.2535526752,-0.1370911747,,,
12.3632812500,0,0.7169072628,-0.2153651714,-1.2990852594,-0.4358767271,,,
12.3652343750,0,0.8590064049,-0.0349432230,-1.1917066574,-0.5119776726,,,
12.3671875000,0,1.0077729225,0.1947398931,-0.9413810372,-0.3218156993,,,
12.3691406250,0,1.1610077620,0.4592387676,-0.5807841420,0.1032309234,,,
12.3710937500,0,1.3164297342,0.7415926456,-0.1602516472,0.6653075814,,,
12.3730468750,0,1.4717146158,1.0235023499,0.2600260079,1.2268025875,,,
12.3750000000,0,1.6245365143,1.2866008282,0.6193471551,1.6479843855,,,
12.3769531250,0,1.7726076841,1.5137281418,0.8659250140,1.8252406120,,,
12.3789062500,0,1.9137185812,1.6901234388,0.9649291039,1.7194414139,,,
12.3808593750,0,2.0457763672,1.8044490814,0.9038888812,1.3666510582,,,
12.3828125000,0,2.1668415070,1.8495767117,0.6946187615,0.8682549596,,,
12.3847656250,0,2.2751610279,1.8230795860,0.3713642955,0.3632054329,,,
12.3867187500,0,2.3691995144,1.7273983955,-0.0145415608,-0.0100065023,,,
12.3886718750,0,2.4476654530,1.5696666241,-0.4026796222,-0.1512311995,,,
12.3906250000,0,2.5095338821,1.3612098694,-0.7329570055,-0.0260121990,,,
12.3925781250,0,2.5540637970,1.1167529821,-0.9549645185,0.3250861764,,,
12.3945312500,0,2.5808112621,0.8533900380,-1.0358225107,0.7977303863,,,
12.3964843750,0,2.5896372795,0.5893902183,-0.9652915001,1.2525635958,,,
12.3984375000,0,2.5807089806,0.3429212570,-0.7573533654,1.5535658598,,,
12.4003906250,0,2.5544974804,0.1307807863,-0.4480158687,1.6055135727,,,
12.4023437500,0,2.5117690563,-0.0327764079,-0.0896826088,1.3802698851,,,
12.4042968750,0,2.4535715580,-0.1370337903,0.2570340037,0.9246994853,,,
12.4062500000,0,2.3812162876,-0.1755611002,0.5327821374,0.3480351865,,,
12.4082031250,0,2.2962541580,-0.1466632485,0.6887466908,-0.2078420967,,,
12.4101562500,0,2.2004485130,-0.0534986444,0.6942875981,-0.6070669293,,,
12.4121093750,0,2.0957448483,0.0961413085,0.5417501330,-0.7568026185,,,
12.4140625000,0,1.9842357635,0.2903760970,0.2476979494,-0.6324614882,,,
12.4160156250,0,1.8681243658,0.5140655637,-0.1496235132,-0.2842225134,,,
12.4179687500,0,1.7496856451,0.7498669028,-0.5961982012,0.1769378930,,,
12.4199218750,0,1.6312264204,0.9794459343,-1.0306050777,0.6098713875,,,
12.4218750000,0,1.5150449276,1.1847572327,-1.3935352564,0.8821437955,,,
12.4238281250,0,1.4033902884,1.3493051529,-1.6369785070,0.9065227509,,,
12.4257812500,0,1.2984229326,1.4592967033,-1.7316485643,0.6650642157,,,
12.4277343750,0,1.2021770477,1.5046066046,-1.6714912653,0.2141951323,,,
12.4296875000,0,1.1165241003,1.4794864655,-1.4745734930,-0.3306019306,,,
12.4316406250,0,1.0431407690,1.3829692602,-1.1802142859,-0.8263072968,,,
12.4335937500,0,0.9834789634,1.2189414501,-0.8428060412,-1.1414475441,,,
12.4355468750,0,0.9387401938,0.9958751202,-0.5232877731,-1.1920344830,,,
12.4375000000,0,0.9098548889,0.7262429595,-0.2795997262,-0.9645093679,,,
12.4394531250,0,0.8974657655,0.4256528318,-0.1576048136,-0.5194070339,,,
12.4414062500,0,0.9019162059,0.1117644235,-0.1838931590,0.0252664946,,,
12.4433593750,0,0.9232447743,-0.1969363540,-0.3615891039,0.5263844728,,,
12.4453125000,0,0.9611837268,-0.4824210405,-0.6698148251,0.8549129367,,,
12.4472656250,0,1.0151642561,-0.7283697724,-1.0668945313,0.9312396049,,,
12.4492187500,0,1.0843260288,-0.9213032722,-1.4967997074,0.7469359040,,,
12.4511718750,0,1.1675323248,-1.0515161753,-1.8978322744,0.3669882715,,,
12.4531250000,0,1.2633895874,-1.1137474775,-2.2121939659,-0.0881120265,,,
12.4550781250,0,1.3702722788,-1.1075406075,-2.3949501514,-0.4755111337,,,
12.4570312500,0,1.4863507748,-1.0372681618,-2.4209933281,-0.6692825556,,,
12.4589843750,0,1.6096236706,-0.9118201733,-2.2889225483,-0.5950953364,,,
12.4609375000,0,1.7379528284,-0.7439765334,-2.0212323666,-0.2507575154,,,
12.4628906250,0,1.8691004515,-0.5495089889,-1.6607842445,0.2929969132,,,
12.4648437500,0,2.0007684231,-0.3460734487,-1.2641093731,0.9116950631,,,
12.4667968750,0,2.1306388378,-0.1519714296,-0.8925858140,1.4610290527,,,
12.4687500000,0,2.2564139366,0.0151338689,-0.6028650999,1.8161877394,,,
12.4707031250,0,2.3758568764,0.1394569129,-0.4380381405,1.9058365822,,,
12.4726562500,0,2.4868302345,0.2081983835,-0.4209182560,1.7314373255,,,
12.4746093750,0,2.5873346329,0.2124453634,-0.5504859686,1.3666127920,,,
12.4765625000,0,2.6755421162,0.1478007287,-0.8020501733,0.9367339611,,,
12.4785156250,0,2.7498297691,0.0146974092,-1.1311004162,0.5843254328,,,
12.4804687500,0,2.8088071346,-0.1816240251,-1.4802500010,0.4297739267,,,
12.4824218750,0,2.8513405323,-0.4314731658,-1.7881891727,0.5381087065,,,
12.4843750000,0,2.8765740395,-0.7213779688,-1.9992525578,0.9009626508,,,
12.4863281250,0,2.8839428425,-1.0350165367,-2.0721118450,1.4386578798,,,
12.4882812500,0,2.8731849194,-1.3543481827,-1.9862391949,2.0218482018,,,
12.4902343750,0,2.8443441391,-1.6608637571,-1.7451338768,2.5067861080,,,
12.4921875000,0,2.7977705002,-1.9368695021,-1.3758113384,2.7745544910,,,
12.4941406250,0,2.7341139317,-2.1667137146,-0.9246313572,2.7635061741,,,
12.4960937500,0,2.6543126106,-2.3378713131,-0.4501172304,2.4860298634,,,
12.4980468750,0,2.5595767498,-2.4418106079,-0.0138834631,2.0250408649,,,
12.5000000000,0,2.4513678551,-2.4745821953,0.3289156854,1.5111653805,,,
12.5019531250,0,2.3313722610,-2.4370868206,0.5381285548,1.0868687630,,,
12.5039062500,0,2.2014734745,-2.3350083828,0.5948095918,0.8673619628,,,
12.5058593750,0,2.0637166500,-2.1784095764,0.5041178465,0.9089993834,,,
12.5078125000,0,1.9202755690,-1.9810266495,0.2944589853,1.1938308477,,,
12.5097656250,0,1.7734128237,-1.7593050003,0.0130053479,1.6345410347,,,
12.5117187500,0,1.6254413128,-1.5312473774,-0.2817083895,2.0984225273,,,
12.5136718750,0,1.4786829948,-1.3151545525,-0.5289603472,2.4438116550,,,
12.5156250000,0,1.3354293108,-1.1283438206,-0.6753578186,2.5590016842,,,
12.5175781250,0,1.1979005337,-0.9859374166,-0.6832125187,2.3929657936,,,
12.5195312500,0,1.0682070255,-0.8998047113,-0.5364698172,1.9694703817,,,
12.5214843750,0,0.9483128786,-0.8777303696,-0.2432683259,1.3807088137,,,
12.5234375000,0,0.8400009871,-0.9228685498,0.1652693301,0.7621989846,,,
12.5253906250,0,0.7448426485,-1.0335201025,0.6398264766,0.2558234632,,,
12.5273437500,0,0.6641697288,-1.2032485008,1.1205168962,-0.0288600381,,,
12.5292968750,0,0.5990515947,-1.4213267565,1.5461575985,-0.0444361083,,,
12.5312500000,0,0.5502767563,-1.6734831333,1.8637443781,0.1815936863,,,
12.5332031250,0,0.5183388591,-1.9428952932,2.0366561413,0.5545776486,,,
12.5351562500,0,0.5034285188,-2.2113623619,2.0503094196,0.9388917685,,,
12.5371093750,0,0.5054299831,-2.4605734348,1.9143817425,1.1953518391,,,
12.5390625000,0,0.5239233375,-2.6733829975,1.6612612009,1.2196047306,,,
12.5410156250,0,0.5581920743,-2.8350086212,1.3409591913,0.9709728360,,,
12.5429687500,0,0.6072359085,-2.9340603352,1.0132825375,0.4838475883,,,
12.5449218750,0,0.6697881222,-2.9633364677,0.7384830117,-0.1414967924,,,
12.5468750000,0,0.7443385124,-2.9203267097,0.5678408146,-0.7661505342,,,
12.5488281250,0,0.8291593790,-2.8073885441,0.5356487632,-1.2504127026,,,
12.5507812500,0,0.9223365188,-2.6315848827,0.6538468003,-1.4918622971,,,
12.5527343750,0,1.0218025446,-2.4041941166,0.9101411700,-1.4532234669,,,
12.5546875000,0,1.1253736019,-2.1399247646,1.2699022293,-1.1723899841,,,
12.5566406250,0,1.2307873964,-1.8558943272,1.6815456152,-0.7518639565,,,
12.5585937500,0,1.3357436657,-1.5704375505,2.0845575333,-0.3305025399,,,
12.5605468750,0,1.4379438162,-1.3018321991,2.4189157486,-0.0453204513,,,
12.5625000000,0,1.5351320505,-1.0670278072,2.6344370842,0.0061840089,,,
12.5644531250,0,1.6251351833,-0.8804683685,2.6985976696,-0.2071478218,,,
12.5664062500,0,1.7058999538,-0.7530890107,2.6016066074,-0.6415147185,,,
12.5683593750,0,1.7755304575,-0.6915587187,2.3579411507,-1.1901015043,,,
12.5703125000,0,1.8323204517,-0.6978197694,2.0041084290,-1.7123173475,,,
12.5722656250,0,1.8747843504,-0.7689581513,1.5929787159,-2.0723135471,,,
12.5742187500,0,1.9016829729,-0.8974118233,1.1855729818,-2.1762244701,,,
12.5761718750,0,1.9120453596,-1.0715041161,0.8415855169,-1.9979242086,,,
12.5781250000,0,1.9051862955,-1.2762637138,0.6101170778,-1.5862404108,,,
12.5800781250,0,1.8807188272,-1.4944752455,0.5220600367,-1.0516458750,,,
12.5820312500,0,1.8385603428,-1.7078859806,0.5853237510,-0.5360775590,,,
12.5839843750,0,1.7789351940,-1.8984853029,0.7836424112,-0.1741500348,,,
12.5859375000,0,1.7023706436,-2.0497672558,1.0791506767,-0.0563955754,,,
12.5878906250,0,1.6096875668,-2.1478888988,1.4183262587,-0.2046025991,,,
12.5898437500,0,1.5019867420,-2.1826422215,1.7403736115,-0.5660105944,,,
12.5917968750,0,1.3806300163,-2.1481738091,1.9867424965,-1.0279508829,,,
12.5937500000,0,1.2472157478,-2.0433993340,2.1102979183,-1.4489183426,,,
12.5957031250,0,1.1035523415,-1.8720881939,2.0827140808,-1.6975576878,,,
12.5976562500,0,0.9516256452,-1.6426061392,1.8989409208,-1.6888756752,,,
12.5996093750,0,0.7935652137,-1.3673409224,1.5780434608,-1.4077540636,,,
12.6015625000,0,0.6316069961,-1.0618457794,1.1602889299,-0.9133156538,,,
12.6035156250,0,0.4680543244,-0.7437617183,0.7009298801,-0.3229460418,,,
12.6054687500,0,0.3052380085,-0.4315959513,0.2616539598,0.2196528018,,,
12.6074218750,0,0.1454756707,-0.1434381753,-0.0989690647,0.5836238265,,,
12.6093750000,0,-0.0089685572,0.1042929292,-0.3345548213,0.6865993142,,,
12.6113281250,0,-0.1559234560,0.2979872227,-0.4180751443,0.5170627236,,,
12.6132812500,0,-0.2933484912,0.4277847409,-0.3460148573,0.1373000890,,,
12.6152343750,0,-0.4193692505,0.4882558882,-0.1388677955,-0.3338651955,,,
12.6171875000,0,-0.5323101282,0.4787727296,0.1621051133,-0.7538207173,,,
12.6191406250,0,-0.6307233572,0.4035457075,0.5013503432,-0.9954193830,,,
12.6210937500,0,-0.7134140730,0.2713229358,0.8177205324,-0.9819799662,,,
12.6230468750,0,-0.7794610858,0.0947732478,1.0540417433,-0.7084392905,,,
12.6250000000,0,-0.8282326460,-0.1104038432,1.1660594940,-0.2428582013,,,
12.6269531250,0,-0.8593975306,-0.3265795708,1.1293696165,0.2921333313,,,
12.6289062500,0,-0.8729302883,-0.5354316235,0.9432543516,0.7528666854,,,
12.6308593750,0,-0.8691116571,-0.7192277312,0.6308258176,1.0139526129,,,
12.6328125000,0,-0.8485233784,-0.8620685339,0.2354545891,1.0026106834,,,
12.6347656250,0,-0.8120377064,-0.9510015845,-0.1859606057,0.7186022997,,,
12.6367187500,0,-0.7608020306,-0.9769302607,-0.5718340278,0.2343047559,,,
12.6386718750,0,-0.6962184310,-0.9352532625,-0.8654675484,-0.3250951469,,,
12.6406250000,0,-0.6199190617,-0.8261902928,-1.0238682032,-0.8158586621,,,
12.6425781250,0,-0.5337371230,-0.6547715068,-1.0244350433,-1.1150161028,,,
12.6445312500,0,-0.4396747947,-0.4304911494,-0.8684729934,-1.1539745331,,,
12.6464843750,0,-0.3398678005,-0.1666494161,-0.5809883475,-0.9372030497,,,
12.6484375000,0,-0.2365478873,0.1205712557,-0.2067958415,-0.5408749580,,,
12.6503906250,0,-0.1320034564,0.4132310748,0.1964551806,-0.0918401331,,,
12.6523437500,0,-0.0285393670,0.6928808689,0.5672500134,0.2673073411,,,
12.6542968750,0,0.0715636835,0.9418458343,0.8497756720,0.4174916148,,,
12.6562500000,0,0.1660892665,1.1444555521,1.0025966167,0.2959845364,,,
12.6582031250,0,0.2529242337,1.2881348133,1.0050864220,-0.0861965939,,,
12.6601562500,0,0.3300958574,1.3642783165,0.8606163859,-0.6470935941,,,
12.6621093750,0,0.3958067298,1.3688499928,0.5960009098,-1.2560473680,,,
12.6640625000,0,0.4484661818,1.3026628494,0.2572897971,-1.7692801952,,,
12.6660156250,0,0.4867185056,1.1713218689,-0.0974392444,-2.0690698624,,,
12.6679687500,0,0.5094667673,0.9848325849,-0.4071645141,-2.0957827568,,,
12.6699218750,0,0.5158923268,0.7569036484,-0.6174652576,-1.8639864922,,,
12.6718750000,0,0.5054690838,0.5039909482,-0.6890411377,-1.4582310915,,,
12.6738281250,0,0.4779731035,0.2441511303,-0.6038789153,-1.0096540451,,,
12.6757812500,0,0.4334866405,-0.0042167897,-0.3681053221,-0.6598259211,,,
12.6777343750,0,0.3723967075,-0.2236528695,-0.0110822786,-0.5217452049,,,
12.6796875000,0,0.2953886986,-0.3988520205,0.4191158712,-0.6486762166,,,
12.6816406250,0,0.2034343332,-0.5177292824,0.8631380796,-1.0193710327,,,
12.6835937500,0,0.0977748260,-0.5722600222,1.2595480680,-1.5437283516,,,
12.6855468750,0,-0.0201006085,-0.5590367913,1.5543392897,-2.0873394012,,,
12.6875000000,0,-0.1484808177,-0.4795038104,1.7092933655,-2.5081954002,,,
12.6894531250,0,-0.2854624689,-0.3398529291,1.7078779936,-2.6954970360,,,
12.6914062500,0,-0.4289833009,-0.1505882293,1.5577685833,-2.5999310017,,,
12.6933593750,0,-0.5768581033,0.0742106587,1.2895989418,-2.2471158504,,,
12.6953125000,0,-0.7268167734,0.3178744614,0.9521369338,-1.7305331230,,,
12.6972656250,0,-0.8765441179,0.5623112917,0.6046378016,-1.1858830452,,,
12.6992187500,0,-1.0237202644,0.7892730832,0.3075636327,-0.7538897991,,,
12.7011718750,0,-1.1660609245,0.9816330671,0.1131177992,-0.5417550802,,,
12.7031250000,0,-1.3013577461,1.1245855093,0.0570670106,-0.5938200951,,,
12.7050781250,0,-1.4275163412,1.2066835165,0.1531256884,-0.8794789314,,,
12.7070312500,0,-1.5425935984,1.2206430435,0.3907774687,-1.3016545773,,,
12.7089843750,0,-1.6448308229,1.1638571024,0.7368733883,-1.7235132456,,,
12.7109375000,0,-1.7326850891,1.0385831594,1.1407579184,-2.0060956478,,,
12.7128906250,0,-1.8048558235,0.8517923951,1.5421251059,-2.0465495586,,,
12.7148437500,0,-1.8603076935,0.6146897078,1.8803801537,-1.8064842224,,,
12.7167968750,0,-1.8982886076,0.3419393301,2.1040508747,-1.3226746321,,,
12.7187500000,0,-1.9183429480,0.0506486148,2.1787800789,-0.6971791983,,,
12.7207031250,0,-1.9203191996,-0.2408178747,2.0926568508,-0.0695788637,,,
12.7226562500,0,-1.9043730497,-0.5141122341,1.8580555916,0.4210568070,,,
12.7246093750,0,-1.8709641695,-0.7521755695,1.5096958876,0.6740538478,,,
12.7265625000,0,-1.8208483458,-0.9404206872,1.0992261171,0.6544882655,,,
12.7285156250,0,-1.7550642490,-1.0677421093,0.6871743202,0.4025145471,,,
12.7304687500,0,-1.6749151945,-1.1272833347,0.3335201442,0.0221153405,,,
12.7324218750,0,-1.5819462538,-1.1169080734,0.0883564502,-0.3476438522,,,
12.7343750000,0,-1.4779173136,-1.0393420458,-0.0159056839,-0.5709731579,,,
12.7363281250,0,-1.3647719622,-0.9019757509,0.0304266904,-0.5528159142,,,
12.7382812500,0,-1.2446041107,-0.7163421512,0.2128342092,-0.2651363611,,,
12.7402343750,0,-1.1196205616,-0.4973056018,0.4948662221,0.2451685071,,,
12.7421875000,0,-0.9921027422,-0.2620182335,0.8238415122,0.8689038754,,,
12.7441406250,0,-0.8643670678,-0.0287172869,1.1390807629,1.4642976522,,,
12.7460937500,0,-0.7387238741,0.1845533699,1.3813883066,1.8956629038,,,
12.7480468750,0,-0.6174373627,0.3612080216,1.5023065805,2.0704083443,,,
12.7500000000,0,-0.5026857853,0.4872820377,1.4717003107,1.9642531872,,,
12.7519531250,0,-0.3965234458,0.5524119735,1.2824918032,1.6277394295,,,
12.7539062500,0,-0.3008449376,0.5505641103,0.9518058300,1.1722561121,,,
12.7558593750,0,-0.2173516601,0.4804613888,0.5183489323,0.7394081354,,,
12.7578125000,0,-0.1475223899,0.3456777632,0.0364290923,0.4621247351,,,
12.7597656250,0,-0.0925873592,0.1543946415,-0.4324522316,0.4281677008,,,
12.7617187500,0,-0.0535067506,-0.0811645091,-0.8291264772,0.6560412049,,,
12.7636718750,0,-0.0309539977,-0.3455815315,-1.1059192419,1.0899055004,,,
12.7656250000,0,-0.0253040828,-0.6213141084,-1.2340203524,1.6148892641,,,
12.7675781250,0,-0.0366270393,-0.8899145126,-1.2079133987,2.0886023045,,,
12.7695312500,0,-0.0646868199,-1.1333118677,-1.0461775064,2.3802134991,,,
12.7714843750,0,-0.1089455560,-1.3350687027,-0.7885349989,2.4063825607,,,
12.7734375000,0,-0.1685730219,-1.4815231562,-0.4896053374,2.1541945934,,,
12.7753906250,0,-0.2424613386,-1.5627385378,-0.2103392780,1.6848170757,,,
12.7773437500,0,-0.3292444348,-1.5731937885,-0.0084666647,1.1168676615,,,
12.7792968750,0,-0.4273221493,-1.5121650696,0.0705530569,0.5940566063,,,
12.7812500000,0,-0.5348882675,-1.3837745190,0.0006685553,0.2459676266,,,
12.7832031250,0,-0.6499624252,-1.1967006922,-0.2206498235,0.1527240872,,,
12.7851562500,0,-0.7704247236,-0.9635716081,-0.5719615817,0.3232239783,,,
12.7871093750,0,-0.8940532207,-0.7000831962,-1.0111427307,0.6929063797,,,
12.7890625000,0,-1.0185626745,-0.4239035845,-1.4818960428,1.1416591406,,,
12.7910156250,0,-1.1416450739,-0.1534406394,-1.9224710464,1.5269593000,,,
12.7929687500,0,-1.2610096931,0.0934420377,-2.2752358913,1.7231585979,,,
12.7949218750,0,-1.3744240999,0.3006704450,-2.4956107140,1.6561486721,,,
12.7968750000,0,-1.4797525406,0.4550807476,-2.5589697361,1.3238996267,,,
12.7988281250,0,-1.5749942064,0.5473362803,-2.4644410610,0.7972429991,,,
12.8007812500,0,-1.6583179235,0.5725774169,-2.2350065708,0.2006812990,,,
12.8027343750,0,-1.7280948162,0.5307588577,-1.9138934612,-0.3215175867,,,
12.8046875000,0,-1.7829265594,0.4266511202,-1.5578134060,-0.6446515322,,,
12.8066406250,0,-1.8216706514,0.2695051432,-1.2281063795,-0.6975628734,,,
12.8085937500,0,-1.8434596062,0.0724050477,-0.9811675549,-0.4819537103,,,
12.8105468750,0,-1.8477176428,-0.1486474574,-0.8596476912,-0.0717466027,,,
12.8125000000,0,-1.8341695070,-0.3758520782,-0.8857989907,0.4073332548,,,
12.8144531250,0,-1.8028469086,-0.5908548236,-1.0580017567,0.8123565316,,,
12.8164062500,0,-1.7540870905,-0.7760319114,-1.3510134220,1.0224853754,,,
12.8183593750,0,-1.6885273457,-0.9157225490,-1.7199015617,0.9721951485,,,
12.8203125000,0,-1.6070945263,-0.9973260760,-2.1070466042,0.6693165898,,,
12.8222656250,0,-1.5109885931,-1.0121849775,-2.4511268139,0.1929520816,,,
12.8242187500,0,-1.4016617537,-0.9561938047,-2.6966812611,-0.3281629086,,,
12.8261718750,0,-1.2807936668,-0.8300909996,-2.8027663231,-0.7509230375,,,
12.8281250000,0,-1.1502615213,-0.6394126415,-2.7493526936,-0.9570770264,,,
12.8300781250,0,-1.0121082067,-0.3941124380,-2.5404717922,-0.8856619596,,,
12.8320312500,0,-0.8685061932,-0.1078737006,-2.2036135197,-0.5497580171,,,
12.8339843750,0,-0.7217198610,0.2028387040,-1.7854785919,-0.0329723209,,,
12.8359375000,0,-0.5740661621,0.5199199319,-1.3447387218,0.5333865285,,,
12.8378906250,0,-0.4278739989,0.8248809576,-0.9429365396,1.0061868429,,,
12.8398437500,0,-0.2854439616,1.1001312733,-0.6349409819,1.2695744038,,,
12.8417968750,0,-0.1490081102,1.3301982880,-0.4604452550,1.2665783167,,,
12.8437500000,0,-0.0206911620,1.5027991533,-0.4378303289,1.0145636797,,,
12.8457031250,0,0.0975265577,1.6096904278,-0.5613507628,0.6002950072,,,
12.8476562500,0,0.2038434893,1.6472349167,-0.8020797372,0.1559670717,,,
12.8496093750,0,0.2966682315,1.6166484356,-1.1124668121,-0.1772275418,,,
12.8515625000,0,0.3746471405,1.5239070654,-1.4337978363,-0.2880055904,,,
12.8535156250,0,0.4366878271,1.3793232441,-1.7053942680,-0.1257110685,,,
12.8554687500,0,0.4819779694,1.1968188286,-1.8741201162,0.2855777442,,,
12.8574218750,0,0.5099995732,0.9929462075,-1.9027142525,0.8534201980,,,
12.8593750000,0,0.5205373764,0.7857273221,-1.7756501436,1.4421203136,,,
12.8613281250,0,0.5136829615,0.5933883190,-1.5016109943,1.9096895456,,,
12.8632812500,0,0.4898324013,0.4330817461,-1.1121929884,2.1465373039,,,
12.8652343750,0,0.4496794045,0.3196823001,-0.6570397615,2.1052875519,,,
12.8671875000,0,0.3942028284,0.2647424638,-0.1961649805,1.8135515451,,,
12.8691406250,0,0.3246493638,0.2756792009,0.2093421519,1.3661581278,,,
12.8710937500,0,0.2425114959,0.3552495837,0.5067794323,0.8989726305,,,
12.8730468750,0,0.1495010704,0.5013512969,0.6599900723,0.5514829159,,,
12.8750000000,0,0.0475191697,0.7071619630,0.6549460292,0.4284062386,,,
12.8769531250,0,-0.0613773949,0.9616082311,0.5018866062,0.5708431005,,,
12.8789062500,0,-0.1750123650,1.2501310110,0.2336800992,0.9448837042,,,
12.8808593750,0,-0.2911283374,1.5556939840,-0.0993368179,1.4507917166,,,
12.8828125000,0,-0.4074264467,1.8599655628,-0.4372372925,1.9502496719,,,
12.8847656250,0,-0.5216069221,2.1445906162,-0.7198734879,2.3041985035,,,
12.8867187500,0,-0.6314096451,2.3924643993,-0.8962765336,2.4109034538,,,
12.8886718750,0,-0.7346535325,2.5889203548,-0.9326239824,2.2338109016,,,
12.8906250000,0,-0.8292756081,2.7227461338,-0.8175323009,1.8115659952,,,
12.8925781250,0,-0.9133665562,2.7869608402,-0.5638514757,1.2474411726,,,
12.8945312500,0,-0.9852051139,2.7792975903,-0.2066806853,0.6810759306,,,
12.8964843750,0,-1.0432877541,2.7023553848,0.2020847499,0.2502718866,,,
12.8984375000,0,-1.0863558054,2.5634143353,0.6018269062,0.0533125661,,,
12.9003906250,0,-1.1134170294,2.3739242554,0.9326410890,0.1221357659,,,
12.9023437500,0,-1.1237637997,2.1487016678,1.1446645260,0.4137090743,,,
12.9042968750,0,-1.1169854403,1.9048932791,1.2058454752,0.8219714761,,,
12.9062500000,0,-1.0929756165,1.6607778072,1.1069412231,1.2070672512,,,
12.9082031250,0,-1.0519341230,1.4344878197,0.8629682064,1.4338581562,,,
12.9101562500,0,-0.9943640828,1.2427431345,0.5108774304,1.4091572762,,,
12.9121093750,0,-0.9210630059,1.0996828079,0.1038166136,1.1074788570,,,
12.9140625000,0,-0.8331088424,1.0158773661,-0.2971258759,0.5782441497,,,
12.9160156250,0,-0.7318416834,0.9975901842,-0.6324108839,-0.0675335303,,,
12.9179687500,0,-0.6188402176,1.0463399887,-0.8532932997,-0.6874364614,,,
12.9199218750,0,-0.4958942831,1.1587941647,-0.9293826818,-1.1464323997,,,
12.9218750000,0,-0.3649736941,1.3270007372,-0.8533414602,-1.3536372185,,,
12.9238281250,0,-0.2281938791,1.5389426947,-0.6419902444,-1.2869770527,,,
12.9257812500,0,-0.0877791047,1.7793773413,-0.3336471617,-0.9989932775,,,
12.9277343750,0,0.0539764389,2.0308988094,0.0178833306,-0.6022006273,,,
12.9296875000,0,0.1947486252,2.2751538754,0.3517361283,-0.2380144447,,,
12.9316406250,0,0.3322239220,2.4941229820,0.6095128655,-0.0377651192,,,
12.9335937500,0,0.4641397595,2.6713786125,0.7444266081,-0.0864857286,,,
12.9355468750,0,0.5883241296,2.7932331562,0.7286398411,-0.3994004726,,,
12.9375000000,0,0.7027333379,2.8496959209,0.5576521158,-0.9175590277,,,
12.9394531250,0,0.8054876924,2.8351726532,0.2510533035,-1.5238150358,,,
12.9414062500,0,0.8949043751,2.7488594055,-0.1504740715,-2.0747711658,,,
12.9433593750,0,0.9695267677,2.5948011875,-0.5914378166,-2.4399373531,,,
12.9453125000,0,1.0281498432,2.3816149235,-1.0101256371,-2.5373697281,,,
12.9472656250,0,1.0698410273,2.1218917370,-1.3481636047,-2.3560271263,,,
12.9492187500,0,1.0939567089,1.8313244581,-1.5595554113,-1.9587135315,,,
12.9511718750,0,1.1001532078,1.5276172161,-1.6177941561,-1.4648073912,,,
12.9531250000,0,1.0883926153,1.2292563915,-1.5199404955,-1.0175049305,,,
12.9550781250,0,1.0589438677,0.9542268515,-1.2870298624,-0.7445602417,,,
12.9570312500,0,1.0123771429,0.7187635899,-0.9607490897,-0.7232798934,,,
12.9589843750,0,0.9495545030,0.5362249613,-0.5968964100,-0.9593665600,,,
12.9609375000,0,0.8716145754,0.4161676466,-0.2566473186,-1.3854091167,,,
12.9628906250,0,0.7799523473,0.3636864722,0.0030157778,-1.8794329166,,,
12.9648437500,0,0.6761946678,0.3790655732,0.1382177621,-2.2984259129,,,
12.9667968750,0,0.5621721148,0.4577653110,0.1250607073,-2.5176496506,,,
12.9687500000,0,0.4398864806,0.5907456875,-0.0366208181,-2.4649608135,,,
12.9707031250,0,0.3114757538,0.7651038766,-0.3232041001,-2.1407377720,,,
12.9726562500,0,0.1791767925,0.9649808407,-0.6909311414,-1.6179440022,,,
12.9746093750,0,0.0452860594,1.1726750135,-1.0827013254,-1.0223155022,,,
12.9765625000,0,-0.0878806859,1.3698835373,-1.4369456768,-0.4980961680,,,
12.9785156250,0,-0.2180288732,1.5389864445,-1.6972013712,-0.1687123775,,,
12.9804687500,0,-0.3429253399,1.6642831564,-1.8208941221,-0.1031614989,,,
12.9824218750,0,-0.4604374468,1.7330940962,-1.7859622240,-0.2973252833,,,
12.9843750000,0,-0.5685704350,1.7366535664,-1.5942884684,-0.6753267050,,,
12.9863281250,0,-0.6655023098,1.6707278490,-1.2714076042,-1.1105564833,,,
12.9882812500,0,-0.7496158481,1.5359190702,-0.8625337481,-1.4606045485,,,
12.9902343750,0,-0.8195266724,1.3376297951,-0.4255262017,-1.6065202951,,,
12.9921875000,0,-0.8741077781,1.0856950283,-0.0218900871,-1.4856398106,,,
12.9941406250,0,-0.9125089645,0.7937030792,0.2927869260,-1.1089806557,,,
12.9960937500,0,-0.9341718554,0.4780564010,0.4774724841,-0.5584351420,,,
12.9980468750,0,-0.9388396740,0.1568346471,0.5120564103,0.0354713202,,,
